# Designed by EasyEDA Pro
mtllib 3D_部门NFC卡片PCB_2026-09-27.mtl
usemtl mtl1
v -38.771559542257506 -13.812658322012595 -1.6100508202181678
v -38.75204654274545 -13.89650032075598 -1.6100508202181678
v -38.75204654274545 -13.79650032448127 -1.6100508202181678
vn -5.261238396150232e-19 0 0.0042961271770875584
vn -4.621422730147046e-19 0 0.0037736780379164516
vn -2.7113229918629185e-17 0 0.22139632371967552
f 1//1 2//2 3//3
v -38.804955539939776 -13.897110322132102 -1.6100508202181678
v -38.85448653707406 -13.89650032075598 -1.6100508202181678
v -38.90570553772323 -13.89650032075598 -1.6100508202181678
vn -4.455936476022046e-19 0 0.0036385482566274967
vn -1.0580518363340678e-19 0 0.0008639648893629777
vn -1.9708847442991144e-17 0 0.16093495248355044
f 4//4 5//5 6//6
v -38.7008275430276 -13.807475323834932 -1.6100508202181678
v -38.738632541853015 -13.807475323834932 -1.6100508202181678
v -38.738632541853015 -13.84040232208574 -1.6100508202181678
vn -3.873932847143986e-19 0 0.003163306228245702
vn -1.5244467882679817e-19 0 0.0012448052690207175
vn -2.950543283788709e-19 0 0.002409301429475823
f 7//7 8//8 9//9
v -38.70326654270372 -13.84040232208574 -1.6100508202181678
v -38.70326654270372 -13.851378321970872 -1.6100508202181678
v -38.688632543715656 -13.897110322132102 -1.6100508202181678
vn -2.3822853148008083e-19 0 0.0019452835841807191
vn -3.697225378491841e-19 0 0.0030190136299429295
vn -3.207906597876904e-17 0 0.26194545236311184
f 10//10 11//11 12//12
v -38.82913454371223 -13.887969320417946 -1.6100508202181678
v -38.836645540955296 -13.880061322718985 -1.6100508202181678
vn -5.674905273326733e-20 0 0.0004633911816270474
vn -8.072066239204647e-20 0 0.0006591342291364934
f 13//13 14//14 5//5
v -38.771559542257506 -13.880341322984226 -1.6100508202181678
v -38.78282353845235 -13.80783532098285 -1.6100508202181678
v -38.773351540974815 -13.881334321450225 -1.6100508202181678
vn -2.9861424257746327e-19 0 0.002438370334902848
vn -2.182134164494585e-19 0 0.0017818477670573033
vn -9.143025295084385e-19 0 0.0074658467253171405
f 15//15 16//16 17//17
v -38.79497754373913 -13.806256323185764 -1.6100508202181678
vn -2.0103335891899429e-19 0 0.0016415619512414644
f 17//17 16//16 18//18
v -38.804824543833675 -13.807362320880703 -1.6100508202181678
vn -1.7168328489970913e-19 0 0.0014019004093199909
f 17//17 18//18 19//19
f 9//9 10//10 7//7
f 7//7 10//10 12//12
v -38.7008275430276 -13.79650032448127 -1.6100508202181678
vn -2.7718524710290293e-18 0 0.022633893078060553
f 7//7 12//12 20//20
v -38.688632543715656 -13.46103633250346 -1.6100508202181678
vn -5.4138618091873825e-17 0.0005506689112533792 0.4420753651548123
f 20//20 12//12 21//21
f 20//20 21//21 3//3
v -39.260032525670354 -13.46103633250346 -1.6100508202181678
vn -3.746505551601223e-17 0.00014342140425486263 0.3059253945063741
f 3//3 21//21 22//22
v -39.23736553525113 -13.562668330004833 -1.6100508202181678
v -39.220650545361195 -13.675905321868724 -1.6100508202181678
vn -7.117216101636299e-18 0 0.05811647984211923
vn -8.102887311970815e-18 0 0.06616509607188262
f 6//6 23//23 24//24
f 23//23 6//6 22//22
v -38.90570553772323 -13.79650032448127 -1.6100508202181678
vn -4.890376029946313e-18 0 0.03993295073609128
f 22//22 6//6 25//25
v -38.892290544040954 -13.79650032448127 -1.6100508202181678
vn -5.532688682783292e-18 0 0.045177831572624574
f 22//22 25//25 26//26
v -38.84067153662666 -13.82283832207667 -1.6100508202181678
v -38.83481053748742 -13.81348932250709 -1.6100508202181678
vn -1.6201581538299754e-19 0 0.0013229595300114226
vn -1.5790945364208304e-19 0 0.001289428541780583
f 27//27 28//28 26//26
v -38.825782542452785 -13.804806321013919 -1.6100508202181678
vn -1.3409556657352826e-19 0 0.0010949733969573172
f 26//26 28//28 29//29
v -38.816283544071574 -13.79933932347194 -1.6100508202181678
vn -8.821544370642373e-20 0 0.0007203337629089689
f 26//26 29//29 30//30
v -38.771559542257506 -13.891317320715672 -1.6100508202181678
vn -4.345398146235122e-20 0 0.00035482868605548614
f 31//31 2//2 15//15
f 15//15 2//2 1//1
f 15//15 1//1 16//16
v -38.85448653707406 -13.885524323024534 -1.6100508202181678
vn -1.1763660195556144e-19 0 0.0009605757516164222
f 5//5 14//14 32//32
v -38.84197254208994 -13.87055232193347 -1.6100508202181678
vn -1.643946706627281e-19 0 0.0013423843574913688
f 32//32 14//14 33//33
v -38.892290544040954 -13.885524323024534 -1.6100508202181678
vn -7.154053187033084e-19 0 0.005841727747146372
f 32//32 33//33 34//34
v -38.80513553851374 -13.796100321441433 -1.6100508202181678
vn -4.228525820932977e-20 0 0.00034528533646411696
f 30//30 35//35 26//26
v -38.795091545071145 -13.795280321729026 -1.6100508202181678
vn -4.4993588181588655e-18 0 0.03674005289763134
f 26//26 35//35 36//36
f 26//26 36//36 22//22
v -38.78312054094226 -13.796106322884015 -1.6100508202181678
vn -1.7064486491379454e-18 0 0.013934210666504345
f 22//22 36//36 37//37
f 22//22 37//37 3//3
v -38.771559542257506 -13.799244321120165 -1.6100508202181678
vn -4.343853425756878e-20 0 0.00035470255005616623
f 3//3 37//37 38//38
f 3//3 38//38 1//1
v -38.81139754279589 -13.896442321712188 -1.6100508202181678
vn -2.124851231557266e-20 0 0.00017350727026246832
f 4//4 39//39 5//5
v -38.82109053939179 -13.89310532219655 -1.6100508202181678
vn -4.202760282545288e-20 0 0.00034318142059175047
f 5//5 39//39 40//40
f 5//5 40//40 13//13
v -38.81230953855084 -13.810063322082257 -1.6100508202181678
vn -1.6071421551680257e-19 0 0.001312331160532964
f 19//19 41//41 17//17
v -38.81923053922639 -13.814693323275096 -1.6100508202181678
vn -1.692415858002453e-19 0 0.0013819624231090782
f 17//17 41//41 42//42
v -38.82526954018401 -13.821360322486004 -1.6100508202181678
vn -1.661174581347261e-19 0 0.0013564519847713116
f 17//17 42//42 43//43
v -38.83253454161117 -13.847567322112656 -1.6100508202181678
v -38.831522544164926 -13.858392322654685 -1.6100508202181678
vn -1.3264070648452646e-19 0 0.0010830935627878673
vn -1.2791892297264423e-19 0 0.0010445372744346073
f 44//44 45//45 17//17
v -38.82880554097913 -13.866994321436815 -1.6100508202181678
vn -9.347255448399656e-20 0 0.0007632613301163714
f 17//17 45//45 46//46
v -38.806553540442394 -13.885697321778125 -1.6100508202181678
v -38.7972265387117 -13.886744322051488 -1.6100508202181678
v -38.81383954505594 -13.883015321419455 -1.6100508202181678
vn -2.1292409340261424e-21 0 0.0000173865716671011
vn -2.463431399057837e-20 0 0.00020115443904095235
vn -7.741368102395383e-21 0 0.00006321306770070543
f 47//47 48//48 49//49
v -38.8199765434987 -13.878879321652509 -1.6100508202181678
vn -7.502503491091977e-20 0 0.0006126259013060347
f 49//49 48//48 50//50
v -38.82466954493748 -13.873928321512661 -1.6100508202181678
vn -6.668530503886982e-20 0 0.0005445268389653141
f 46//46 51//51 17//17
f 17//17 51//51 50//50
v -38.78395154143675 -13.885270321559897 -1.6100508202181678
vn -4.255407307594174e-20 0 0.0003474803764282856
f 17//17 50//50 52//52
f 52//52 50//50 48//48
v -38.829392542413295 -13.829081321790643 -1.6100508202181678
vn -1.69895842998834e-19 0 0.0013873048385634299
f 43//43 53//53 17//17
v -38.8320575405473 -13.839786322119213 -1.6100508202181678
vn -1.4889046733417072e-19 0 0.0012157829297217292
f 17//17 53//53 54//54
f 17//17 54//54 44//44
v -38.738632541853015 -13.851378321970872 -1.6100508202181678
v -38.738632541853015 -13.885524323024534 -1.6100508202181678
vn -1.4788925750467713e-19 0 0.0012076074310376135
vn -3.161767520834639e-19 0 0.0025817791080954807
f 55//55 56//56 11//11
v -38.69838854335148 -13.885524323024534 -1.6100508202181678
vn -2.1527640882341282e-19 0 0.001757865279795747
f 11//11 56//56 57//57
f 11//11 57//57 12//12
v -38.69838854335148 -13.89650032075598 -1.6100508202181678
vn -1.7122182193302896e-20 0 0.00013981322782392463
f 12//12 57//57 58//58
f 12//12 58//58 2//2
v -38.84498254680393 -13.859968321593128 -1.6100508202181678
vn -1.4086687409566775e-19 0 0.0011502653188963934
f 33//33 59//59 34//34
v -38.84594954274403 -13.848386322050295 -1.6100508202181678
vn -6.651778234844475e-19 0 0.005431589123881026
f 34//34 59//59 60//60
f 34//34 60//60 26//26
v -38.844510537628985 -13.834169322273143 -1.6100508202181678
vn -1.7383866538943995e-19 0 0.0014195004266574916
f 26//26 60//60 61//61
f 26//26 61//61 27//27
v -39.213316551558734 -13.904547320209778 -1.6100508202181678
v -39.22274052259446 -14.018622323564403 -1.6100508202181678
v -38.688632543715656 -14.221036311641834 -1.6100508202181678
vn -2.4597101153885557e-17 0 0.2008505731694315
vn -1.5536581696268473e-17 0 0.12686581720611728
vn -7.569644522175326e-17 -0.0007502368423121149 0.6181083825512472
f 62//62 63//63 64//64
v -39.24083655208326 -14.131646303332202 -1.6100508202181678
vn -1.4112994676507602e-17 0 0.11524134702620885
f 64//64 63//63 65//65
v -39.26153152285947 -14.221036311641834 -1.6100508202181678
vn -6.453166558527008e-18 -0.0001953585568110115 0.0526941038266703
f 64//64 65//65 66//66
v -39.21261852157417 -13.790086324631922 -1.6100508202181678
vn -8.218049124875552e-18 0 0.06710546363733019
f 24//24 67//67 6//6
v -39.2132715500526 -13.897110322132102 -1.6100508202181678
vn -4.433498495078409e-18 0 0.03620226254757848
f 6//6 67//67 68//68
f 6//6 68//68 4//4
f 4//4 68//68 62//62
v -38.79907454344252 -13.89771932140515 -1.6100508202181678
vn -1.663892662091314e-17 0 0.13586714661319338
f 4//4 62//62 69//69
f 69//69 62//62 64//64
v -38.796340538032055 -13.897672319418154 -1.6100508202181678
vn -2.7537708441990432e-19 0 0.0022486245390232725
f 69//69 64//64 70//70
v -38.792323542661926 -13.897110322132102 -1.6100508202181678
vn -4.293833751400144e-18 0 0.035061813368472264
f 70//70 64//64 71//71
v -38.21042353585954 -13.897110322132102 -1.6100508202181676
v -38.21107656433797 -13.790086324631922 -1.6100508202181676
v -38.53985154809012 -13.79650032448127 -1.6100508202181678
vn -8.334425386042574e-18 0 0.0680557479254045
vn -8.90065299211226e-18 0 0.07267934720695993
vn -2.1180061638104997e-17 0 0.17294832806366195
f 72//72 73//73 74//74
v -38.20304454055095 -13.675905321868724 -1.6100508202181676
vn -9.014822077962625e-18 0 0.07361160854083884
f 74//74 73//73 75//75
v -38.553266541772395 -13.79650032448127 -1.6100508202181678
v -38.16366256024179 -13.46103633250346 -1.6100508202181676
vn -2.5799284492399023e-17 0 0.21066714509327497
vn -2.6012198897438832e-17 0.00013176747401405167 0.21240572314849912
f 21//21 76//76 77//77
f 77//77 76//76 74//74
v -38.186329550661014 -13.562668330004833 -1.6100508202181676
vn -8.17477972931271e-18 0 0.06675214220952777
f 77//77 74//74 78//78
f 78//78 74//74 75//75
v -38.500827553272146 -13.89650032075598 -1.6100508202181678
v -38.51546155132888 -13.89650032075598 -1.6100508202181678
vn -3.590325132745523e-18 0 0.029317229549330037
vn -3.570053894933252e-19 0 0.0029151702330981162
f 79//79 80//80 12//12
v -38.651684545116666 -13.89650032075598 -1.6100508202181678
v -38.678876545011164 -13.89650032075598 -1.6100508202181678
vn -1.4576124465729102e-20 0 0.00011902308874589446
vn -1.2150786964307273e-19 0 0.0009921870512189413
f 81//81 82//82 12//12
v -38.678876545011164 -13.79650032448127 -1.6100508202181678
vn -1.799871632850342e-18 0 0.014697067220552756
f 12//12 82//82 83//83
f 12//12 83//83 21//21
v -38.65065554544576 -13.79650032448127 -1.6100508202181678
vn -1.745726834850068e-18 0 0.014254941392616313
f 21//21 83//83 84//84
v -38.613519542624076 -13.80953932089404 -1.6100508202181678
v -38.60644854686219 -13.817380322973273 -1.6100508202181678
vn -6.999529102016772e-20 0 0.0005715549256234628
vn -1.3704252542148272e-19 0 0.0011190371421122979
f 85//85 86//86 76//76
v -38.601801545307325 -13.825980322205863 -1.6100508202181678
vn -1.361553982248171e-19 0 0.00111179319881956
f 76//76 86//86 87//87
v -38.591071547117075 -13.89650032075598 -1.6100508202181678
v -38.60338154520749 -13.869092321082613 -1.6100508202181678
v -38.60911654758013 -13.878036321998142 -1.6100508202181678
vn -5.128230193036562e-19 0 0.00418751773703817
vn -6.056233815788045e-20 0 0.0004945290201227514
vn -6.876089754376916e-20 0 0.0005614753379639189
f 88//88 89//89 90//90
v -38.63620854205805 -13.798044323176525 -1.6100508202181678
vn -1.0428351349267311e-18 0 0.008515395097205117
f 84//84 91//91 21//21
v -38.62450854534376 -13.80215332203979 -1.6100508202181678
vn -3.548181451340154e-18 0 0.028973100275202095
f 21//21 91//91 92//92
f 21//21 92//92 76//76
v -38.613624543654865 -13.8094473211262 -1.6100508202181678
vn -7.201887484666712e-20 0 0.0005880787415343711
f 76//76 92//92 93//93
f 76//76 93//93 85//85
v -38.617347546569604 -13.885917322518713 -1.6100508202181678
vn -6.908595891215124e-20 0 0.0005641296654696813
f 90//90 94//94 88//88
v -38.62778854419339 -13.891985321135587 -1.6100508202181678
vn -5.487509009033092e-20 0 0.0004480891153966768
f 88//88 94//94 95//95
v -38.63931154491766 -13.895420321861646 -1.6100508202181678
vn -2.983377753922846e-20 0 0.000243611280901562
f 88//88 95//95 96//96
f 96//96 81//81 88//88
f 88//88 81//81 12//12
v -38.57643754906033 -13.89650032075598 -1.6100508202181678
vn -2.1510160662882355e-19 0 0.0017564379115560965
f 88//88 12//12 97//97
f 97//97 12//12 80//80
v -38.56689053913847 -13.86845132156638 -1.6100508202181678
vn -3.513570588297949e-19 0 0.0028690481130920634
f 97//97 80//80 98//98
v -38.525579543936864 -13.86845132156638 -1.6100508202181678
vn -1.4190376860773673e-19 0 0.0011587322051267
f 98//98 80//80 99//99
v -38.59911554398693 -13.835833322346009 -1.6100508202181678
vn -1.2459397451657088e-19 0 0.0010173870098980219
f 87//87 100//100 76//76
v -38.59838854614544 -13.845242321905904 -1.6100508202181678
vn -4.0405205789261083e-19 0 0.00329933543429769
f 76//76 100//100 101//101
f 76//76 101//101 88//88
v -38.599791542605 -13.858625320932932 -1.6100508202181678
vn -4.8628502800787307e-20 0 0.00039708185931359443
f 88//88 101//101 102//102
f 88//88 102//102 89//89
f 74//74 79//79 72//72
f 72//72 79//79 12//12
v -38.21037853435341 -13.904547320209778 -1.6100508202181676
vn -7.108239130014583e-18 0 0.058043177306008685
f 72//72 12//12 103//103
v -38.20095456331769 -14.018622323564403 -1.6100508202181676
vn -3.3217384485073284e-17 0 0.2712405283564251
f 103//103 12//12 104//104
v -38.16216356305267 -14.221036311641834 -1.6100508202181676
v -38.182858533828885 -14.131646303332202 -1.6100508202181676
vn -5.9301764128667594e-18 -0.00017952592775932063 0.048423565202600286
vn -1.2962061784608982e-17 0 0.10584326675767801
f 64//64 105//105 106//106
f 106//106 104//104 64//64
f 64//64 104//104 12//12
f 64//64 12//12 71//71
f 71//71 12//12 2//2
v -38.78221854386631 -13.895694320684305 -1.6100508202181678
vn -2.345470213335518e-20 0 0.00019152217724886274
f 71//71 2//2 107//107
f 107//107 2//2 31//31
v -39.26266651448837 -14.23103630195608 -2.3843257837419882
v -39.2662145405204 -14.23103630195608 -2.3973717799751237
v -39.26266651448837 -14.23103630195608 -2.3973717799751237
vn 0 -0.00004628720784387987 0
f 108//108 109//108 110//108
v -38.186329550661014 -14.23103630195608 -1.7216828080337863
v -38.16366256024179 -14.23103630195608 -1.620050810532413
v -39.260032525670354 -14.23103630195608 -1.6200508105324132
vn 0 -0.23470796294945537 0
vn -4.5784909062637985e-20 -0.11426368185484885 0.00037386215433311235
vn -9.162619650212152e-20 -0.34293963994175736 0.0007481846730495293
f 111//109 112//110 113//111
v -39.24083655208326 -14.23103630195608 -2.2906607813611553
v -39.26153152285947 -14.23103630195608 -2.3800507896707876
v -38.16216356305267 -14.23103630195608 -2.3800507896707876
vn 0 -0.22180604604175622 0
vn 4.5910108407906256e-20 -0.10111766902927058 -0.0003748844845703321
vn 9.187751475399491e-20 -0.31811594489044037 -0.0007502368423121149
f 114//112 115//113 116//114
v -38.20304454055095 -14.23103630195608 -1.834919799897678
vn 0 -0.4572569659761047 0
f 111//109 113//111 117//115
v -39.22274052259446 -14.23103630195608 -2.177636801593356
vn 0 -0.44619613220995474 0
f 114//112 116//114 118//116
v -38.182858533828885 -14.23103630195608 -2.2906607813611553
vn 0 -0.20610235324349474 0
f 116//114 119//117 118//116
v -38.20095456331769 -14.23103630195608 -2.177636801593356
vn 0 -0.3464567311636101 0
f 118//116 119//117 120//118
v -39.213316551558734 -14.23103630195608 -2.063561798238732
vn 0 -0.34576767167795197 0
f 118//116 120//118 121//119
v -38.21037853435341 -14.23103630195608 -2.0635617982387315
vn 0 -0.3438449450754383 0
f 121//119 120//118 122//120
v -39.21261852157417 -14.23103630195608 -1.949100802660875
vn 0 -0.3437918373377348 0
f 121//119 122//120 123//121
v -38.21107656433797 -14.23103630195608 -1.9491008026608747
vn 0 -0.34518584094664695 0
f 123//121 122//120 124//122
v -39.220650545361195 -14.23103630195608 -1.834919799897678
vn 0 -0.34577899656029054 0
f 123//121 124//122 125//123
f 125//123 124//122 117//115
v -39.23736553525113 -14.23103630195608 -1.7216828080337865
vn 0 -0.21778401407921297 0
f 125//123 117//115 126//124
f 126//124 117//115 113//111
v -39.26266651448837 -13.456761338432258 -2.390050779985033
v -39.2662145405204 -13.443715342199123 -2.390050779985033
v -39.26266651448837 -13.443715342199123 -2.390050779985033
vn 5.6685480927475746e-21 0 -0.00004628720784387987
f 127//125 128//125 129//125
v -38.20304454055095 -14.00616732227657 -2.390050779985033
v -38.186329550661014 -14.11940431414046 -2.390050779985033
v -39.220650545361195 -14.00616732227657 -2.390050779985033
vn 2.8341010651244963e-17 0 -0.23142191422847044
vn 4.1768501748586825e-17 0 -0.34106569974026535
vn 5.692098749324334e-17 0 -0.4647951354861985
f 130//126 131//127 132//128
v -39.23736553525113 -14.11940431414046 -2.390050779985033
vn 4.130259888315062e-17 0 -0.33726131413487626
f 132//128 131//127 133//129
v -38.16366256024179 -14.221036311641834 -2.390050779985033
vn 2.7074805542054128e-17 -0.00037386215433311235 -0.22108256487425323
f 133//129 131//127 134//130
v -39.260032525670354 -14.221036311641834 -2.390050779985033
vn 1.4341174997307224e-17 -0.0007481846730495293 -0.11710458074354262
f 133//129 134//130 135//131
v -38.20095456331769 -13.66345032058089 -2.390050779985033
v -39.24083655208326 -13.550426340813091 -2.390050779985033
v -38.182858533828885 -13.550426340813091 -2.390050779985033
vn 5.707265939838483e-17 0 -0.46603363057920894
vn 4.036875295219221e-17 0 -0.3296358834261316
vn 3.826066785438133e-17 0 -0.3124220622715047
f 136//132 137//133 138//134
v -39.26153152285947 -13.46103633250346 -2.390050779985033
vn 2.396515191454448e-17 0.0003748844845703321 -0.19569031602605708
f 138//134 137//133 139//135
v -38.16216356305267 -13.46103633250346 -2.390050779985033
vn 1.2732209886636927e-17 0.0007502368423121149 -0.10396638357689406
f 138//134 139//135 140//136
v -38.21107656433797 -13.891986319513371 -2.390050779985033
vn 4.227307352262986e-17 0 -0.34518584094664695
f 130//126 132//128 141//137
v -39.21261852157417 -13.891986319513371 -2.390050779985033
vn 4.210235731686444e-17 0 -0.3437918373377348
f 141//137 132//128 142//138
v -38.21037853435341 -13.777525323935516 -2.390050779985033
vn 4.2108861138963295e-17 0 -0.3438449450754383
f 141//137 142//138 143//139
v -39.213316551558734 -13.777525323935516 -2.390050779985033
vn 4.234432723690368e-17 0 -0.34576767167795197
f 143//139 142//138 144//140
f 143//139 144//140 136//132
v -39.22274052259446 -13.66345032058089 -2.390050779985033
vn 2.841750903014059e-17 0 -0.23204657089640843
f 136//132 144//140 145//141
f 136//132 145//141 137//133
v -39.26266651448837 -13.451036342189214 -1.6157758164612126
v -39.2662145405204 -13.451036342189214 -1.602729820228077
v -39.26266651448837 -13.451036342189214 -1.602729820228077
vn 0 0.00004628720784387987 0
f 146//142 147//142 148//142
v -38.20304454055095 -13.451036342189214 -2.1651818003055228
v -38.186329550661014 -13.451036342189214 -2.2784187921694143
v -39.220650545361195 -13.451036342189214 -2.1651818003055228
vn 0 0.23142191422847044 0
vn 0 0.34106569974026535 0
vn 0 0.4647951354861985 0
f 149//143 150//144 151//145
v -39.23736553525113 -13.451036342189214 -2.2784187921694143
vn 0 0.33726131413487626 0
f 151//145 150//144 152//146
v -38.16366256024179 -13.451036342189214 -2.3800507896707876
vn 4.5784909062637985e-20 0.22108256487425323 -0.00037386215433311235
f 152//146 150//144 153//147
v -39.260032525670354 -13.451036342189214 -2.3800507896707876
vn 9.162619650212152e-20 0.11710458074354262 -0.0007481846730495293
f 152//146 153//147 154//148
v -38.20095456331769 -13.451036342189214 -1.822464798609845
v -39.24083655208326 -13.451036342189214 -1.7094408188420456
v -38.182858533828885 -13.451036342189214 -1.7094408188420454
vn 0 0.46603363057920894 0
vn 0 0.3296358834261316 0
vn 0 0.3124220622715047 0
f 155//149 156//150 157//151
v -39.26153152285947 -13.451036342189214 -1.6200508105324132
vn -3.3793070057499295e-20 0.19529124803407122 0.0002759413577941603
f 157//151 156//150 158//152
v -38.16216356305267 -13.451036342189214 -1.620050810532413
vn -6.762235229787575e-20 0.1031673162703616 0.0005521784105013549
f 157//151 158//152 159//153
v -38.21107656433797 -13.451036342189214 -2.051000797542326
vn 0 0.34518584094664695 0
f 149//143 151//145 160//154
v -39.21261852157417 -13.451036342189214 -2.051000797542326
vn 0 0.3437918373377348 0
f 160//154 151//145 161//155
v -38.21037853435341 -13.451036342189214 -1.936539801964469
vn 0 0.3438449450754383 0
f 160//154 161//155 162//156
v -39.213316551558734 -13.451036342189214 -1.936539801964469
vn 0 0.34576767167795197 0
f 162//156 161//155 163//157
f 162//156 163//157 155//149
v -39.22274052259446 -13.451036342189214 -1.8224647986098452
vn 0 0.23204657089640843 0
f 155//149 163//157 164//158
f 155//149 164//158 156//150
v -39.26266651448837 -14.225311305713035 -1.6100508202181678
v -39.2662145405204 -14.23835730194617 -1.6100508202181678
v -39.26266651448837 -14.23835730194617 -1.6100508202181678
vn -5.6685480927475746e-21 0 0.00004628720784387987
f 165//159 166//159 167//159
v -38.16102857142377 -14.225311305713035 -1.6100508202181676
v -38.16102857142377 -14.23835730194617 -1.6100508202181676
v -38.15748054539174 -14.23835730194617 -1.6100508202181676
f 168//159 169//159 170//159
v -38.159486539681765 -13.443715342199123 -1.6100508202181676
v -38.159486539681765 -13.445311316143847 -1.6100508202181676
v -38.15905255826962 -13.443715342199123 -1.6100508202181676
vn -8.48268741027865e-23 0 6.926639922779879e-7
f 171//160 172//160 173//160
v -38.16102857142377 -14.23103630195608 -2.3843257837419882
v -38.16102857142377 -14.23103630195608 -2.3973717799751237
v -38.15748054539174 -14.23103630195608 -2.3973717799751237
f 174//108 175//108 176//108
v -38.16102857142377 -13.456761338432258 -2.390050779985033
v -38.16102857142377 -13.443715342199123 -2.390050779985033
v -38.15748054539174 -13.443715342199123 -2.390050779985033
f 177//125 178//125 179//125
v -38.16102857142377 -13.451036342189214 -1.6157758164612124
v -38.16102857142377 -13.451036342189214 -1.6027298202280769
v -38.15748054539174 -13.451036342189214 -1.6027298202280769
f 180//142 181//142 182//142
v -39.26420854623038 -13.443715342199123 -1.6100508202181678
v -39.26464252764252 -13.443715342199123 -1.6100508202181678
v -39.26420854623038 -13.445311316143847 -1.6100508202181678
f 183//160 184//160 185//160
v -39.262120535950366 -13.451287337344622 -1.6178257989784255
vn -1.243638988444168e-19 0.006411360946873413 0.0010155082994623738
f 159//153 158//152 186//161
v -39.260612538460016 -13.458811320949472 -1.6103018153735769
vn -1.0233232124136872e-18 0.002041869533555664 0.008356068158804356
f 187//162 22//22 21//21
v -38.16157454996178 -13.451287337344622 -1.6178257989784253
vn -1.4735020922334443e-19 0.005482830956834094 0.001203205767784927
f 159//153 186//161 188//163
v -39.26248752174278 -13.451708324944398 -1.616447799216397
vn -1.5640891487830232e-19 0.0038446583212217943 0.0012771757129255577
f 188//163 186//161 189//164
v -38.161207564169366 -13.451708324944398 -1.6164477992163968
vn -1.4254874465236756e-19 0.0031385228035819114 0.0011639988342076715
f 188//163 189//164 190//165
v -39.2624025255206 -13.452026315719536 -1.6157118010736777
vn -2.4650707844550983e-19 0.0037086635741045543 0.002012883050175264
f 190//165 189//164 191//166
v -38.161292560391544 -13.452026315719536 -1.6157118010736775
vn -3.642642783754641e-19 0.00498462414391899 0.002974443558984346
f 190//165 191//166 192//167
v -39.2620855480244 -13.453218319190315 -1.6138158071539475
vn -5.347228929124449e-19 0.005916260560359649 0.004366343775893096
f 192//167 191//166 193//168
v -38.16160953788774 -13.453218319190315 -1.6138158071539472
vn -5.871627529103908e-19 0.0055692828361796915 0.004794547728530352
f 192//167 193//168 194//169
v -39.261666527377876 -13.454801329124994 -1.612232797219269
vn -6.818458635598527e-19 0.004793548885083961 0.005567693999891073
f 194//169 193//168 195//170
v -38.16202855853427 -13.454801329124994 -1.6122327972192687
vn -7.236019320407866e-19 0.0043610720245380406 0.005908658174296347
f 194//169 195//170 196//171
v -39.261166563624954 -13.456697323044724 -1.6110407937484905
vn -7.948511411769002e-19 0.003432238423343921 0.00649045211836022
f 196//171 195//170 197//172
v -38.16252852228719 -13.456697323044724 -1.6110407937484903
vn -8.23662751442214e-19 0.0029325445211299582 0.006725716770057131
f 196//171 197//172 198//173
f 198//173 197//172 187//162
v -38.16308254745213 -13.458811320949472 -1.6103018153735766
vn -7.262450222014011e-19 0.0012183221806835805 0.005930240643318882
f 198//173 187//162 199//174
f 199//174 187//162 21//21
f 199//174 21//21 77//77
v -39.26221751270597 -14.230695303788401 -2.3826387935060485
vn 1.3649689051476057e-19 -0.006811130690408787 -0.0011145816949817288
f 116//114 115//113 200//175
v -38.16147757320617 -14.230695303788401 -2.3826387935060485
vn 1.3522806695109887e-19 -0.005083765293154638 -0.0011042209643241621
f 116//114 200//175 201//176
v -39.26248752174278 -14.230364319200895 -2.383653800986804
vn 1.7935241219219844e-19 -0.003773538339532341 -0.001464523586041874
f 201//176 200//175 202//177
v -38.161207564169366 -14.230364319200895 -2.383653800986804
vn 2.247956650120965e-19 -0.004194278207506565 -0.0018355959054366367
f 201//176 202//177 203//178
v -39.262309542276135 -14.229696329956852 -2.3850507848279103
vn 2.787109718675776e-19 -0.004279788985404537 -0.0022758477959655557
f 203//178 202//177 204//179
v -38.16138554363601 -14.229696329956852 -2.3850507848279103
vn -3.549999960406072e-10 -0.003939784538898103 -0.0023413831019195456
f 203//178 204//179 205//180
v -39.262115529160276 -14.228965308801897 -2.386143784985192
vn 1.4299999891108956e-10 -0.0034781200292986632 -0.002550227296721529
f 205//180 204//179 206//181
v -38.16157854347292 -14.228968318836413 -2.3861397914740516
vn 1.4299999892852772e-10 -0.0033550885937349713 -0.002692620695492317
f 205//180 206//181 207//182
v -39.261887541397414 -14.228107329755462 -2.3871218077844154
vn 4.979999676811861e-10 -0.0039046317688430586 -0.004169695948515894
f 207//182 206//181 208//183
v -38.16180754451473 -14.228107329755462 -2.3871218077844154
vn 6.737314262153288e-19 -0.0045745944853932494 -0.00550143459064611
f 207//182 208//183 209//184
v -39.26134054958046 -14.226036306798957 -2.3887108079858046
vn 8.823604188036897e-19 -0.004592203001049117 -0.007205019597634382
f 209//184 208//183 210//185
v -38.162354536331684 -14.226036306798957 -2.3887108079858046
vn 9.276031787386266e-19 -0.003940797817844186 -0.007574454768382688
f 209//184 210//185 211//186
v -39.260707548262374 -14.223624315477094 -2.3897097818173543
vn 9.967833891236127e-19 -0.0025688318618561053 -0.0081393540555335
f 211//186 210//185 212//187
v -38.16298753764977 -14.223624315477094 -2.3897097818173543
vn 1.0196415454427441e-18 -0.0018448069183929726 -0.008326005066543744
f 211//186 212//187 213//188
f 213//188 212//187 135//131
f 213//188 135//131 134//130
v -39.26221751270597 -14.223624315477094 -1.6103918183858466
vn -6.672645576511257e-19 -0.0009350558254300681 0.005448628601452283
f 64//64 66//66 214//189
v -38.16147757320617 -14.223624315477094 -1.6103918183858463
vn -7.894400145679802e-19 -0.0012837468920834827 0.006446266916449861
f 215//190 105//105 64//64
f 64//64 214//189 215//190
v -39.26248752174278 -14.22463932295785 -1.6107228029733522
vn -4.6212516489680995e-19 -0.001464523586041874 0.003773538339532341
f 215//190 214//189 216//191
v -38.161207564169366 -14.22463932295785 -1.610722802973352
vn -5.136509381556412e-19 -0.0018355959054366367 0.004194278207506565
f 215//190 216//191 217//192
v -39.262309542276135 -14.226036306798957 -1.6113907922173962
vn -5.241229882001764e-19 -0.0022758477959655557 0.004279788985404537
f 217//192 216//191 218//193
v -38.16138554363601 -14.226036306798957 -1.611390792217396
vn -3.549999968098284e-10 -0.0023413831019195456 0.003939784538898103
f 217//192 218//193 219//194
v -39.262115529160276 -14.227129306956238 -1.612121813372351
vn 1.4299999817282994e-10 -0.002550227296721529 0.0034781200292986632
f 219//194 218//193 220//195
v -38.16157854347292 -14.227125313445098 -1.6121188033378344
vn 1.4299999818789695e-10 -0.002692620695492317 0.0033550885937349713
f 219//194 220//195 221//196
v -39.261887541397414 -14.228107329755462 -1.6129797924187854
vn 4.979999666923661e-10 -0.004169695948515894 0.0039046317688430586
f 221//196 220//195 222//197
v -38.16180754451473 -14.228107329755462 -1.6129797924187852
vn -5.6022624939339765e-19 -0.00550143459064611 0.0045745944853932494
f 221//196 222//197 223//198
v -39.26134054958046 -14.229696329956852 -1.6150508153752905
vn -5.62382670626967e-19 -0.007205019597634382 0.004592203001049117
f 223//198 222//197 224//199
v -38.162354536331684 -14.229696329956852 -1.6150508153752903
vn -4.826085433709756e-19 -0.007574454768382688 0.003940797817844186
f 223//198 224//199 225//200
v -39.260707548262374 -14.230695303788401 -1.6174628066971524
vn -3.1459117171698154e-19 -0.0081393540555335 0.0025688318618561053
f 225//200 224//199 226//201
v -38.16298753764977 -14.230695303788401 -1.6174628066971521
vn -2.2592368876548464e-19 -0.008326005066543744 0.0018448069183929726
f 225//200 226//201 227//202
f 227//202 226//201 113//111
f 227//202 113//111 112//110
v -39.26221751270597 -13.458448328668199 -2.3897097818173543
vn 8.341229398583423e-19 0.0011145816949817288 -0.006811130690408787
f 140//136 139//135 228//203
v -38.16147757320617 -13.458448328668199 -2.3897097818173543
vn 6.225816893878233e-19 0.0011042209643241621 -0.005083765293154638
f 140//136 228//203 229//204
v -39.26248752174278 -13.457433321187443 -2.3893787972298486
vn 4.6212516489680995e-19 0.001464523586041874 -0.003773538339532341
f 229//204 228//203 230//205
v -38.161207564169366 -13.457433321187443 -2.3893787972298486
vn 5.136509381556412e-19 0.0018355959054366367 -0.004194278207506565
f 229//204 230//205 231//206
v -39.262309542276135 -13.456036337346337 -2.3887108079858046
vn 5.241229882001764e-19 0.0022758477959655557 -0.004279788985404537
f 231//206 230//205 232//207
v -38.16138554363601 -13.456036337346337 -2.3887108079858046
vn -3.5499999584485947e-10 0.0023413831019195456 -0.003939784538898103
f 231//206 232//207 233//208
v -39.262115529160276 -13.454943337189055 -2.38797978683085
vn 1.4299999902472366e-10 0.002550227296721529 -0.0034781200292986632
f 233//208 232//207 234//209
v -38.16157854347292 -13.454947330700195 -2.387982796865366
vn 1.4299999900965664e-10 0.002692620695492317 -0.0033550885937349713
f 233//208 234//209 235//210
v -39.261887541397414 -13.453965314389832 -2.3871218077844154
vn 4.979999676487251e-10 0.004169695948515894 -0.0039046317688430586
f 235//210 234//209 236//211
v -38.16180754451473 -13.453965314389832 -2.3871218077844154
vn 5.6022624939339765e-19 0.00550143459064611 -0.0045745944853932494
f 235//210 236//211 237//212
v -39.26134054958046 -13.452376314188442 -2.3850507848279103
vn 5.62382670626967e-19 0.007205019597634382 -0.004592203001049117
f 237//212 236//211 238//213
v -38.162354536331684 -13.452376314188442 -2.3850507848279103
vn 4.826085433709756e-19 0.007574454768382688 -0.003940797817844186
f 237//212 238//213 239//214
v -39.260707548262374 -13.451377340356892 -2.3826387935060485
vn 3.1459117171698154e-19 0.0081393540555335 -0.0025688318618561053
f 239//214 238//213 240//215
v -38.16298753764977 -13.451377340356892 -2.3826387935060485
vn 2.2592368876548464e-19 0.008326005066543744 -0.0018448069183929726
f 239//214 240//215 241//216
f 241//216 240//215 154//148
f 241//216 154//148 153//147
v -38.563518540520995 -13.857475321972288 -1.6100508202181678
v -38.53007655040538 -13.857475321972288 -1.6100508202181678
v -38.54859854448173 -13.81570732306484 -1.6100508202181678
vn -1.7105933758332387e-19 0 0.0013968054928361552
vn -1.887985169201173e-19 0 0.0015416568846753705
vn -1.902713975599682e-19 0 0.001553683867809417
f 242//217 243//218 244//219
v -38.54513055258528 -13.81570732306484 -1.6100508202181678
vn -1.990134604662247e-20 0 0.00016250682286907998
f 244//219 243//218 245//220
v -38.54763554205277 -13.812239321855165 -1.6100508202181678
vn -2.862237131415531e-21 0 0.000023371939839375172
f 244//219 245//220 246//221
v -38.546020539325475 -13.812228322935722 -1.6100508202181678
vn -1.5295359098024976e-21 0 0.000012489608521146015
f 246//221 245//220 247//222
v -38.54699754884575 -13.808695322861887 -1.6100508202181678
vn -8.402588059929099e-22 0 0.000006861233839650182
f 246//221 247//222 248//223
v -38.546673538001585 -13.808695322861887 -1.6100508202181678
vn -1.401843329234458e-22 0 0.0000011446919472704097
f 248//223 247//222 249//224
v -38.6654615438783 -13.807475323834932 -1.6100508202181678
v -38.6654615438783 -13.885524323024534 -1.6100508202181678
v -38.65071354448955 -13.807475323834932 -1.6100508202181678
vn -1.4096500340855887e-19 0 0.001151066605544588
vn -2.7665386325838703e-19 0 0.0022590502294294506
vn -8.679344546054467e-19 0 0.007087222660523316
f 250//225 251//226 252//227
v -38.65126554309659 -13.885524323024534 -1.6100508202181678
vn -2.364619614830373e-19 0 0.0019308584454527731
f 252//227 251//226 253//228
v -38.64071554720559 -13.88454232161533 -1.6100508202181678
vn -1.8340903208033407e-19 0 0.0014976484012209118
f 252//227 253//228 254//229
v -38.6118035472783 -13.84552832221674 -1.6100508202181678
v -38.61265254092467 -13.835576322022728 -1.6100508202181678
vn -9.779168418446172e-20 0 0.0007985297005842671
vn -7.229971885867382e-20 0 0.0005903720069248676
f 255//230 256//231 252//227
v -38.61498754539837 -13.827666322445921 -1.6100508202181678
vn -7.00723345777536e-20 0 0.0005721840340132411
f 252//227 256//231 257//232
v -38.638877541153775 -13.80873432292544 -1.6100508202181678
vn -3.444821117551257e-20 0 0.0002812909909983577
f 252//227 257//232 258//233
v -38.632300541229846 -13.881916319819592 -1.6100508202181678
vn -1.539422379267122e-19 0 0.0012570337670738435
f 254//229 259//234 252//227
v -38.62548054062337 -13.877866322103195 -1.6100508202181678
vn -1.3677763472941288e-19 0 0.0011168741454649846
f 252//227 259//234 260//235
v -38.61987154246791 -13.872326320048323 -1.6100508202181678
vn -1.2500535346811428e-19 0 0.0010207461739592826
f 252//227 260//235 261//236
v -38.61565454371521 -13.865431321898676 -1.6100508202181678
vn -1.2070997553799296e-19 0 0.0009856717514146606
f 261//236 262//237 252//227
v -38.61272154075055 -13.856031322174347 -1.6100508202181678
vn -1.1550181536274639e-19 0 0.0009431438962087946
f 252//227 262//237 263//238
f 252//227 263//238 255//230
v -38.6184615424627 -13.821498322137765 -1.6100508202181678
v -38.62331854607913 -13.816341322760708 -1.6100508202181678
vn -1.4747880390628135e-21 0 0.000012042558230582223
vn -6.790221793939034e-21 0 0.000055446368689051
f 264//239 265//240 257//232
v -38.63062254384455 -13.811622322521321 -1.6100508202181678
vn -1.6005294755406826e-20 0 0.0001306931497844957
f 257//232 265//240 266//241
f 257//232 266//241 258//233
usemtl mtl2
v -37.926640402289934 -14.239838268730514 -1.6125120151735584
v -37.92299516108372 -14.22724970833689 -1.6018175413510611
v -38.15921855720285 -14.23202332505653 -1.6033388008746725
vn 0.00014272359627431433 -0.00420819682317679 0.004542555592320032
vn 0.0001384801559935483 -0.0027979504831440677 0.0033100936068580513
vn 0.000038955567435324486 -0.004209469941117318 0.0046482453361415075
f 267//242 268//243 269//244
v -38.15905255826962 -14.23103630195608 -1.6027298202280769
vn 0.001767133336258885 -0.0035461934220613034 0.35323598454540994
vn -0.00013474539245393014 -0.0008081540461345905 0.03822115751771395
f 269//244 268//245 270//246
vn 0.0000056490979727141 -0.0015538539505920716 0.0014648220749225904
vn -0.0003289529946509304 -0.053227028947665865 0.0007007589342890839
vn 0.0007524680001293415 -0.27447202392709225 0.005225451585271186
f 170//247 169//248 267//249
f 170//247 267//242 269//244
v -37.92624456784988 -13.453478702077136 -1.601414941783925
vn 0.000006644599480873397 0.0014670288437302584 0.0015564767877537492
vn -0.0001402389877533351 0.0006669192126293598 0.026279870029093776
vn 0.001392647603263706 0.0047470637821098605 0.2919277505289354
f 182//250 181//251 271//252
v -37.92641295096886 -13.442280360397538 -1.6126632023527783
v -38.15921855720285 -13.444324322845718 -1.6090637971177173
vn -0.002337760955650197 0.36618327548826823 0.0035500102147458463
vn 1.7463700625169457e-7 0.00023031539988234046 0.00014206208076980592
vn 0.000024135497009923202 0.0043108150651929526 0.0042966347478831605
f 272//253 173//254 273//255
vn 0.00012622483876105606 0.0029880776556122654 0.00288569573669589
vn 0.0001326948093500757 0.004224791128564014 0.0043001104436798335
f 272//256 273//255 271//257
f 271//257 273//255 182//250
vn -0.00022312131145043218 0.03746892083482563 0.0006749736393805797
f 171//258 173//254 272//253
v -38.1942932079215 -13.441036322072646 -1.7704158628991904
vn 0.0015610672766556255 0.07943160713565936 -0.002024462183572916
vn -0.0024638112732945196 0.36342551762721664 0.0008063765588197622
f 274//259 171//258 272//260
v -37.924750577450844 -13.442709931066034 -2.3876972012141806
v -38.206659979435216 -13.441036322072646 -2.163477971757685
vn 0.0009792868367688831 0.2717665095364078 -0.000800752942159728
vn -0.00022149100220403067 0.053649908994884664 -0.0006824335912997486
vn -0.004246544029615164 0.33740516994289804 0.002009910268561389
f 275//261 178//262 276//263
f 275//261 276//263 272//260
vn -0.0034416424529009697 0.10761081266983134 0.0001082829605601469
f 272//260 276//263 162//264
f 272//260 162//264 274//259
v -38.1942932079215 -13.611401384870236 -2.4000508001016003
v -38.15905255826962 -13.451036342189214 -2.3973717799751237
v -37.9232791176072 -13.4545379958083 -2.3983934929783164
vn 0.0016894861804025545 -0.002069156818923998 -0.08043195187401844
vn -0.00015334025146118458 0.0008110589576168514 -0.0381653489445843
vn -0.0023114008018910322 0.000992638626245579 -0.36473959140867607
f 277//265 278//266 279//267
v -37.92624760768671 -14.228595491788898 -2.398687552488934
v -38.206659979435216 -14.004463493728732 -2.4000508001016003
vn 0.0008295657920902438 -0.0006152783661666757 -0.2710356373930628
vn -0.0002915740435335863 -0.0006936858886862414 -0.05331501657791412
vn -0.004293585132157983 0.0022293612960076143 -0.33738186452713814
f 280//268 175//269 281//270
f 280//268 281//270 279//267
vn -0.0032792002405345275 0.00010317211700533158 -0.10885361419836263
f 279//267 281//270 143//271
f 279//267 143//271 277//265
v -38.1942932079215 -14.241036322072647 -2.22968573730401
v -38.15905255826962 -14.23835730194617 -2.390050779985033
v -37.92641295096886 -14.239792283747756 -2.3874384276527443
vn 0.0015610707691152278 -0.07936313630099393 0.002025002583488784
vn -0.0002229452041749625 -0.03762850109296291 -0.0008152499091401711
vn -0.0027258863732086665 -0.3622848337548251 -0.0009361411072516281
f 282//272 283//273 284//274
v -38.206659979435216 -14.241036322072647 -1.836623628445516
vn 0.0006097443893031122 -0.27027254893969677 0.000688150514838837
vn -0.0046160849054741136 -0.33591082191600175 -0.0021241998449087174
f 267//275 169//248 285//276
f 267//275 285//276 284//274
vn -0.0034416384947800866 -0.10761081266983134 -0.00010828284414482765
f 284//274 285//276 122//277
f 284//274 122//277 282//272
vn 0.0000066288233860119075 -0.0014670109157709642 -0.0015564533882744106
vn 0.0009622478830666004 -0.004835581800556455 -0.275326694915791
f 176//278 175//269 280//279
v -38.15921855720285 -14.237748321299575 -2.3910378030854833
vn -0.0025998330287660206 -0.3650428002321303 -0.0036794151562539474
vn 0.00002411208661664946 -0.004310979443624923 -0.004296244058068931
f 284//280 283//273 286//281
vn 0.00012622786555937916 -0.0029871423749306446 -0.0028847131913943115
vn 0.00013268206187252662 -0.004224971805140797 -0.00429972720444609
f 284//282 286//281 280//283
f 280//283 286//281 176//278
vn 0.0010161703533877388 0.2758457917594047 -0.005057222134512334
vn 0.000008159391533187527 0.0015663433353775244 -0.0014759312396730299
f 178//262 275//284 179//285
v -38.15921855720285 -13.450049319088764 -2.396762799328528
vn 0.00003688352389481308 0.004087620819544483 -0.004260036099552571
vn 0.00003800762658764475 0.004222686805238027 -0.004488596160134731
f 179//285 275//286 287//287
vn 0.000029848235054457224 0.0026646940571860367 -0.003016232002284646
f 287//287 275//286 279//288
vn -0.0022826764858114796 0.003513916110412537 -0.3675236945223258
f 287//287 279//289 278//266
v -38.159486539681765 -14.23103630195608 -1.6043257941728009
vn -0.00009670184810205403 -0.00002380290389738841 0.0000022713879505186625
vn -0.00009366487071510598 -0.000020271268720421663 0.0000049276131169481
vn -0.00008756475159801914 -0.000023826521655452116 -2.1326199510524684e-7
f 288//290 168//291 170//292
vn -0.000014469420205326079 -0.0000035143720582896355 4.1539899434074053e-7
f 288//290 170//292 269//293
vn -0.00003258704915978687 -0.00000895447178962962 0.000001651402929331571
vn -0.002137519154511107 -0.00048219470054366146 0.0003906624566292394
vn -0.0006767809290173512 -0.00015759115687435634 0.00007233356046971209
f 215//294 270//295 105//296
vn -0.0032249625757342195 -0.0006542412350253577 0.00019723661241048367
f 105//296 270//295 106//297
f 288//290 270//295 168//291
vn -0.000030172133397772787 -0.0000028539579518480906 0.000005790332948100678
f 168//291 270//295 217//298
f 217//298 270//295 215//294
v -38.21037853435341 -13.904547320209778 -1.6000508001016003
v -38.1942932079215 -14.070671259275057 -1.6000508001016003
vn -0.005663319872121217 -0.00024629736068587963 0.0005697436196581474
vn -0.003932229184624119 -0.0004360533720097934 0.00008039613629333796
vn -0.004231777910414668 -0.0006635865330534201 0.0003954771614376128
f 289//299 104//300 290//301
f 290//301 104//300 106//297
f 290//301 106//297 270//295
vn -0.003928770252633539 0.00008956602553785182 0.00010067232356103352
vn -0.0011446099790616338 -0.000006979999748764099 -4.028100104523238e-8
f 73//302 72//303 289//299
vn -0.001215119944473804 -0.00009469000219596547 -1.4880927505799536e-19
f 289//299 72//303 103//304
f 289//299 103//304 104//300
v -38.186329550661014 -13.562668330004833 -1.6000508001016003
v -38.208800918639 -13.732875284033932 -1.6000508001016003
vn -0.004694807273226869 0.0008108190838498014 0.000341444387600654
vn -0.003976249542441227 0.00047218397254595207 0.000100727227936372
vn -0.0045605999669343245 0.0003208100049449503 0.00040112831032084904
f 291//305 75//306 292//307
f 292//307 75//306 73//302
f 292//307 73//302 289//299
vn -0.000038354828003861715 0.000010180595230123007 6.322999807217737e-9
vn -0.0009583759677279597 0.00022247344564220393 0.0000411439680882696
vn -0.00003097541002034531 0.000008248845792741952 6.599999892589341e-10
f 194//308 181//309 192//310
vn -0.00009852179062892809 0.0000034490889843165193 0.000023047368469989944
f 192//310 181//309 180//311
vn -0.000015488290724751867 2.2415200028489713e-7 0.000003932008835889034
f 192//310 180//311 190//312
vn -0.00004350881071072913 0.000011508256476598696 1.896499995429766e-8
f 194//308 196//313 181//309
vn -0.0000442584999062717 0.000011656294017505643 4.830599848087201e-8
f 181//309 196//313 198//314
vn -0.000040552156256665946 0.000010620107628710828 9.545600079131276e-8
f 181//309 198//314 199//315
vn -0.0018791670165335089 0.0004238624178973971 0.00004108933656133746
f 181//309 199//315 77//316
f 181//309 77//316 291//305
vn -0.0021486899029658753 0.00039381998935610074 -2.631386212027396e-19
f 291//305 77//316 78//317
f 291//305 78//317 75//306
v -38.15905053171173 -13.443706341897895 -1.6100508202181676
v -38.159489579518606 -13.445320316445073 -1.6100508202181676
vn -0.0000015930180315081024 4.332929896926796e-7 1.4999999629789865e-10
vn -0.000014469420205326079 4.153989943407423e-7 0.000003514372058289634
f 293//318 294//318 273//319
vn 0.00015734597165831726 -0.0006361280007492304 0.08053927748591785
vn 0.00163005883704779 -0.0008918502584382854 0.35015823915364985
f 290//320 270//246 268//321
vn 0.0012599527648098005 0.0005269378228755621 0.2876363353783439
vn 0.00009194455787435 0.0006316002597048841 0.06808584081998706
f 271//322 181//251 291//323
vn 0.0017034908269942795 -0.00014276856169170052 0.3112012399554068
f 291//323 292//324 271//322
f 271//322 292//324 268//321
vn 0.0005967960371181847 0.00002563132473374606 0.09239527445442566
f 268//321 292//324 289//325
f 268//321 289//325 290//320
v -39.227014294770456 -14.241036322072647 -1.7801395558866968
v -39.49533598371573 -14.239279087763887 -1.6101207960700914
vn -0.00022310079325026593 -0.0948073402820924 0.0006277848057965219
vn 0.00015659577678373782 -0.03957695454989442 0.0006561847305866372
vn -0.007917025939866516 -0.3270690690417727 0.0008697493337877186
f 295//326 167//327 296//328
v -39.49730913584697 -14.240022000045297 -2.3859794251796735
v -39.26464252764252 -14.23835730194617 -2.390050779985033
v -39.228780082345615 -14.241036322072647 -2.2302985028454927
vn -0.007690864034878254 -0.3324997077509805 -0.0024213085055901345
vn 0.00023867246281005536 -0.04039793401363591 -0.002821645191734356
vn 0.000017596102872362774 -0.09738179151144935 -0.0006648290337647642
f 297//329 298//330 299//331
v -39.21085249558044 -14.241036322072647 -1.9962167404639506
vn -0.01471555583602852 -0.3421339639703339 -0.0024141666585331184
vn -0.0016936554786763272 -0.3367779502752729 0.00020459673819267377
f 297//332 299//331 300//333
f 297//332 300//333 296//328
f 296//328 300//333 295//326
v -39.227014294770456 -14.06094756628755 -2.4000508001016003
v -39.49294035386861 -14.231401440004532 -2.398331802171893
vn -0.00020716977870117057 -0.0006233481015324876 -0.09385968604892961
vn 0.00016426492703311736 -0.0006511300938035534 -0.03915397391983906
vn -0.0028408702505249846 -0.000734698365670467 -0.3230226289775576
f 301//334 110//335 302//336
v -39.49735741560851 -13.453261979591963 -2.3986591508761217
v -39.26464252764252 -13.451036342189214 -2.3973717799751237
v -39.228780082345615 -13.610788619328755 -2.4000508001016003
vn -0.0027598533368132115 0.0006748208442729586 -0.3266937982038588
vn 0.0001996086327650275 0.0008111201338675599 -0.03748587835601154
vn -0.0001260680564287103 0.0006446614183349697 -0.0973015413090357
f 303//337 304//338 305//339
v -39.21085249558044 -13.844870381710297 -2.4000508001016003
vn -0.0019082860969634526 -0.00009709691076674446 -0.3359617242818814
f 303//337 305//339 306//340
f 303//337 306//340 302//336
f 302//336 306//340 301//334
v -39.227014294770456 -13.441036322072646 -2.219962044316504
v -39.498570608530194 -13.442537733249843 -2.387366633859182
vn -0.00013131901309722637 0.09619190400552893 -0.0006497049956626446
vn 0.00019310284991315985 0.04022985264316421 -0.0006781486344054545
vn -0.0010987256955545294 0.31817948344082414 -0.0007971521581016161
f 307//341 129//342 308//343
v -39.49729381745349 -13.442033120334694 -1.614152662798876
v -39.228780082345615 -13.441036322072646 -1.7698030973577081
vn -0.0009429945935607764 0.31942480326555966 0.0005236237115431769
vn 0.0002577457596790677 0.03738301191653294 0.0006847631200624538
vn 0.000024412077982590223 0.09744495753280882 0.0006661627458794007
f 309//344 183//345 310//346
v -39.21085249558044 -13.441036322072646 -2.0038848597392502
vn -0.007971988872111011 0.329058582647762 0.0005289434842177698
vn -0.0015251622308021452 0.3380133459268012 -0.00013687382830308655
f 309//347 310//346 311//348
vn -0.008127719974104764 0.3278132628230265 -0.0007918323272193632
f 309//347 311//348 308//349
f 308//349 311//348 307//341
v -39.26464252764252 -14.23103630195608 -1.602729820228077
v -39.26420854623038 -14.23103630195608 -1.604325794172801
vn 0.0007886104750281502 -0.0001892461413257399 0.00007555036314641526
vn 0.00010710015180418043 -0.00002641621683069089 0.000003034374867897729
vn 0.000042796661817937545 -0.000008913440846265245 0.000004439149895250898
f 312//350 313//351 214//352
vn 0.0016706809152561293 -0.0003956511441334912 0.00007233356046971238
f 312//350 214//352 66//353
v -39.24083655208326 -14.131646303332202 -1.6000508001016005
vn 0.004578504177503226 -0.0008274201995332511 0.00042481585936895283
f 312//350 66//353 314//354
v -39.264476528709295 -14.23202332505653 -1.6033388008746727
vn 0.000014469420205326079 -0.0000035143720582896355 4.15398994340744e-7
vn 0.00008756475159801914 -0.000023826521655452116 -2.132619951052254e-7
f 313//351 315//355 166//356
vn 0.0000022921919593907 -2.4064499012390346e-7 3.6992400413434137e-7
vn 0.00010216802759357875 -0.000022597646993526863 0.00000486280707293898
f 216//357 214//352 165//358
f 165//358 214//352 313//351
f 165//358 313//351 166//356
vn 0.0000442584999062717 0.000011656294017505643 4.830599848088285e-8
vn 0.0024008571278176143 0.0005244446141728072 0.0003646278001050982
vn 0.000040552156256665946 0.000010620107628710828 9.545600079132268e-8
f 197//359 148//360 187//361
vn 0.0007628470661998233 0.00017085241888776544 0.000041089336561337785
f 187//361 148//360 22//362
vn 0.0034206998024776613 0.0006618865201341135 0.00016947464357447453
f 22//362 148//360 23//363
vn 0.00004350881071072913 0.000011508256476598696 1.8964999954308315e-8
f 197//359 195//364 148//360
vn 0.00005127036562042698 0.000013624738837072328 6.322999807228713e-9
f 148//360 195//364 193//365
vn 0.0001171719614651507 0.000008088765632668279 0.00002337375155279412
f 148//360 193//365 146//366
vn 0.0000025090400494190254 6.691200169708624e-7 6.599999892630348e-10
f 146//366 193//365 191//367
vn 0.0000019172159396369666 1.8890200411081385e-7 3.217849902993066e-7
f 146//366 191//367 189//368
v -39.227014294770456 -13.621125077857743 -1.6000508001016005
vn 0.002212048708095421 0.0000737900034355558 0.00045176178591494615
vn 0.0022741800300899147 0.00024746998310133845 0.0000915867481120977
vn 0.0038184618474027244 0.0005762614223918108 0.0004150714314159543
f 67//369 24//370 316//371
f 316//371 24//370 23//363
f 316//371 23//363 148//360
vn 0.0020241399459669006 -0.0003879099910086395 2.4788565058546613e-19
f 66//353 65//372 314//354
vn 0.004070928725288381 -0.0005320919947573246 0.00011860187628992883
f 314//354 65//372 63//373
v -39.21514730819573 -13.95165221462276 -1.6000508299039224
vn 0.004085297169755442 -0.0003581120055357068 0.0002952338792628222
f 314//354 63//373 317//374
vn 0.001215118663905283 -0.00009468989305660289 -0.0002235759860349671
f 317//374 63//373 62//375
vn 0.0011446086984931128 -0.000006979992472806593 0.0001766319884209785
f 317//374 62//375 68//376
f 317//374 68//376 67//369
v -39.50046245992718 -13.451815047059279 -1.6024913718502063
vn -0.002066991028309013 -0.0021240592152020456 0.08423896753431906
vn 0.00003846955893978638 0.0006464021184086485 0.04047693996910841
vn 0.0011866868995250794 0.0010402789184409543 0.35176637244572684
f 316//377 148//378 318//379
v -39.497808205530234 -14.228115078359167 -1.6014025738203186
vn -0.0014696015058890113 -0.00031734618351092665 0.28718250561978664
vn 0.00012181284364870883 -0.0007979661340197007 0.023472940199480354
vn -0.00011922290109092595 -0.0006215183437389383 0.0670190518048547
f 319//380 312//381 314//382
vn 0.0030103672312890026 0.0031982208125558376 0.31129979623407433
f 314//382 317//383 319//380
f 319//380 317//383 318//379
vn 0.002498595938107421 0.00008970466890812414 0.09112596376052554
f 318//379 317//383 67//384
f 318//379 67//384 316//377
v -39.509236263507375 -14.230751749386162 -1.6119989085966555
v -39.50975273774666 -13.451123573585543 -1.6138597059741704
v -39.50975273774666 -14.23094907055975 -2.3862418942290304
vn -0.6036220102962553 -0.0003989442425005996 0.0004027888002389109
vn -1.2061288177053808 -0.0003253032870545494 0.0003284381770015048
vn -1.214104872731792 -0.0003387477722298686 -0.004783196769160229
f 320//385 321//386 322//387
v -39.50965742992108 -13.45310185171616 -2.3884365372169576
vn -0.6104828028308928 0.0000601964629947735 -0.00518598539477616
f 322//387 321//386 323//388
vn -0.0001329458444359395 0.004455021050497577 -0.004332100907979893
vn -0.00012330905699828152 0.002756642369454468 -0.002626307502369471
vn -0.000025039612946557505 0.004196539458684036 -0.003975245111059471
f 303//389 308//390 128//391
vn -0.0011142133569089566 0.32080009101629126 -0.0032875677080814888
f 128//391 308//392 129//342
v -39.264476528709295 -13.450049319088764 -2.396762799328528
vn -0.000009636784709173926 0.0017079021527185718 -0.0017099714350332109
f 303//389 128//391 324//393
vn -0.002892714416344209 0.004988332204694567 -0.3307965944588692
f 303//394 324//393 304//338
vn -0.008332874501751745 0.2918199257281434 -0.00006275155371611588
vn -0.01650142458824181 0.29617109453423185 -0.00013662391371468044
vn -0.015312736625779621 0.018365818733486257 0.00007544767755813446
f 309//395 308//396 321//397
vn -0.015209596377468165 0.018221460011281672 -0.000017620388199529418
vn -0.008180602331748572 0.008587665727918362 -0.000022940186339973563
f 321//397 308//398 323//399
vn -0.000003332030878853601 0.001484157844682666 0.001573681575079537
vn 0.001162847486691916 0.005249602641916236 0.3556183821615818
f 147//400 318//401 148//378
v -39.264476528709295 -13.444324322845718 -1.6090637971177175
vn -0.00013037067934784077 0.004588537781111334 0.004092814805465717
vn -0.000006722759180642739 0.0017173210834365924 0.001715877533467449
f 318//402 147//400 325//403
vn -0.00013037067934784077 0.004587691674564904 0.0040900520370892885
vn -0.00002389814072417102 0.002961801088052972 0.0024267951596260795
f 318//404 325//403 184//405
vn -0.00012364791289124055 0.002872150814203161 0.0023749044276788174
f 318//402 184//405 309//406
vn -0.001066642448244357 0.3222951542989142 0.002897798040542036
f 309//407 184//405 183//345
vn -0.00012330905699828152 0.0027471188977790046 -0.0026221293565313617
vn -0.00010782141747172673 0.00012649540251686572 -0.00013171374834382912
f 308//408 303//389 323//409
vn -0.007152642016818494 0.01250594556322775 0.0023802241421457503
f 309//410 321//397 318//404
vn -1.5864657895501013e-22 -0.0000034061124044403686 0.0000012954476267399389
f 109//411 302//411 110//411
v -39.264476528709295 -14.237748321299575 -2.3910378030854833
vn -0.0000697815547543528 -0.0046358312720681544 -0.003765751551602013
vn 0.000008756254698289676 -0.0014344129963306637 -0.001522418438122892
vn 0.000006933936571290003 -0.0016611175131258742 -0.0016626064650698536
f 302//412 109//413 326//414
f 302//412 326//414 298//330
vn -0.0012278947796241226 -0.32196673271109566 -0.002653936583117596
f 302//412 298//330 297//415
v -39.50318084892094 -14.227642324126176 -2.3965051582553256
vn -0.010676380087787169 0.0007078573002240465 -0.33621960377365945
vn -0.009339136863661753 0.000021616043928445596 -0.017477700226341188
f 303//416 302//336 327//417
vn -0.0173151360107193 0.00000817155238666354 -0.022589334881464623
vn -0.015892525898031504 0.000019591988965662363 -0.014637429049053359
f 303//417 327//418 323//419
vn -0.6183993128180607 0.00009323294077373385 -0.014711779323044806
f 323//420 327//419 322//387
vn -0.008228807587492356 -0.000015682700671327107 0.008878602513989768
vn -0.017090599729260813 -0.0000042671840038442116 0.016121227053981616
f 319//421 318//422 320//422
vn -0.008861792141768457 0.00001141551621273555 0.007242625005653128
f 320//422 318//422 321//423
vn -0.00001292573396151525 -0.0021712293059195685 0.002824902492390536
vn -0.00010596110793261105 -0.0021553386147269817 0.002729940885976838
vn -0.00010249256440216635 -0.003835047770886902 0.0044119273586284025
f 312//424 319//425 296//426
vn 0.00011116217336049472 -0.0028274762022871347 0.026068778320122093
vn 0.0000034685483052918055 -0.0016794607258668437 0.0016787160170642138
f 312//427 296//426 315//428
vn -0.00010249256440216635 -0.0038347995734244653 0.004408657019456372
vn 0.000005743609022735213 -0.0015377416046300292 0.0014496532751298954
f 315//428 296//429 166//430
vn -4.0051485115633246e-22 -2.483341708569178e-7 0.0000032704519493717415
vn -0.00001292573396151525 -0.002171477503382005 0.0028281728315625665
f 166//431 296//432 167//431
vn -0.00016896534110098544 -0.003104150947494046 -0.0022039198919546624
vn -0.00015443061190108787 -0.0002479514477614098 -0.00020547595034575543
f 297//433 327//434 302//412
vn -0.0071169416290977365 -0.00976370539868317 -0.0000936329947452741
vn -0.013811057227685197 -0.02351934614003679 -0.0021696260341312603
f 322//435 327//434 297//436
vn -0.00009531043764439693 -0.0001258286483229526 0.00013410123738402522
f 320//437 296//429 319//425
vn -0.014793270978431838 -0.33940720052410367 -0.0005164975223467143
vn -0.013642092032103361 -0.020415195891034667 0.00003429384690946588
f 297//438 296//328 320//439
vn -0.015048300623174004 -0.30209219005566557 0.0001665157881432636
f 297//440 320//439 322//435
v -39.26420550639354 -13.445320316445073 -1.6100508202181678
v -39.264644554200416 -13.443706341897895 -1.6100508202181678
vn 0.0000015930180315081024 4.332929896926796e-7 1.4999999629828882e-10
vn 0.000014469420205326079 4.153989943407423e-7 0.0000035143720582896372
f 328//441 329//441 325//442
v -39.26420550639354 -13.451036342189214 -2.3957668057291728
v -39.264644554200416 -13.451036342189214 -2.3973807802763507
vn 0.0000015930180315081024 1.4999999629809374e-10 -4.332929896926794e-7
vn 0.000014469420205326079 0.0000035143720582896355 -4.1539899434074053e-7
f 330//443 331//443 324//444
v -39.26420550639354 -14.23675232770022 -2.390050779985033
v -39.264644554200416 -14.238366302247398 -2.390050779985033
vn 0.0000015930180315081024 -4.332929896926796e-7 -1.4999999629789865e-10
vn 0.000014469420205326079 -4.153989943407423e-7 -0.000003514372058289634
f 332//445 333//445 326//446
vn 0.000037540993966948336 -1.1715999551354402e-8 0.000009943442671180166
vn 0.0024020657516708116 -0.00036462619939444665 0.0005247648145107212
vn 0.00005176726258636807 -4.4458001062003054e-8 0.000013651668065295853
f 222//447 167//448 224//449
vn 0.00004824207936471955 -1.001040018171771e-7 0.00001264695564968159
f 224//449 167//448 226//450
vn 0.0007664046019665212 -0.00004109548110745131 0.0001717849783612792
f 226//450 167//448 113//451
vn 0.0034206998024776613 -0.00016947464357447412 0.0006618865201341139
f 113//451 167//448 126//452
vn 0.00002934058968029038 -9.629999987157778e-10 0.000007807576250416492
f 216//357 165//358 218//453
f 218//453 165//358 167//448
vn 0.000022130332251814833 -1.5769999515512114e-9 0.000005879337007784621
f 218//453 167//448 220//454
f 220//454 167//448 222//447
vn 0.00670204394754702 -0.0008627162768473287 -0.0009323092969907917
vn 0.002270990017488748 0.00007767080271827724 -0.00027519999593198283
vn 0.004626177648064828 -0.0005881990567676864 -0.0002804960489851075
f 299//455 118//456 121//457
vn 0.006788009210854633 -0.0010620226226818173 0.00005568193508925842
f 299//455 121//457 300//458
vn 0.00228641993684441 0.000058242348173514416 0.00007334000001573965
f 300//458 121//457 123//459
vn 0.00443495198063624 -0.00047146435124480207 0.00040908797500151494
f 300//458 123//459 125//460
vn 0.0048374234909203135 -0.0006181619154376997 0.0006575594208939466
f 300//458 125//460 295//461
f 295//461 125//460 126//452
f 295//461 126//452 167//448
v -39.26420854623038 -14.236761328001446 -2.390050779985033
vn 0.0012305228554752045 -0.00014277311644109912 -0.0002775113056970937
vn 0.00010710015180418043 -0.0000030343748678977157 -0.000026416216830690876
vn 0.000042796661817937545 -0.000004439149895250893 -0.00000891344084626524
f 298//462 334//463 200//464
vn 0.0021125932374955235 -0.00031102934272357315 -0.00048391630850484486
f 298//462 200//464 115//465
f 298//462 115//465 299//455
vn 0.0020241399459669006 0.0000988773230164897 -0.0003879099910086392
f 299//455 115//465 114//466
f 299//455 114//466 118//456
vn 0.00008756475159801914 2.1326199510523612e-7 -0.000023826521655452106
f 109//467 334//463 326//446
vn 0.0000022921919593907 -3.699240041343411e-7 -2.406449901239032e-7
vn 0.00010216802759357875 -0.000004862807072938967 -0.00002259764699352685
f 202//468 200//464 108//469
f 108//469 200//464 334//463
f 108//469 334//463 109//467
vn 0.0034206998024776613 -0.0006618865201341135 -0.0001694746435744737
vn 0.0007664046019665212 -0.0001717849783612791 -0.00004109548110745121
vn 0.0024020657516708116 -0.0005247648145107209 -0.0003646261993944464
f 133//470 135//471 110//472
vn 0.00004824207936471955 -0.000012646955649681585 -1.001040018171712e-7
f 110//472 135//471 212//473
vn 0.00005176726258636807 -0.000013651668065295846 -4.4458001061996714e-8
f 110//472 212//473 210//474
vn 0.000037540993966948336 -0.000009943442671180161 -1.1715999551349804e-8
f 110//472 210//474 208//475
vn 0.00002934058968029038 -0.000007807576250416489 -9.629999987121845e-10
f 202//468 108//469 204//476
f 204//476 108//469 110//472
vn 0.000022130332251814833 -0.000005879337007784618 -1.5769999515485012e-9
f 204//476 110//472 206//477
f 206//477 110//472 208//475
vn 0.00670204394754702 0.0009323092969907926 -0.0008627162768473279
vn 0.002270990017488748 0.0002751999959319831 0.00007767080271827753
vn 0.004626177648064828 0.00028049604898510805 -0.0005881990567676859
f 305//478 145//479 144//480
vn 0.006788009210854633 -0.00005568193508925759 -0.0010620226226818164
f 305//478 144//480 306//481
vn 0.00228641993684441 -0.00007334000001573936 0.000058242348173514693
f 306//481 144//480 142//482
vn 0.00443495198063624 -0.0004090879750015144 -0.0004714643512448015
f 306//481 142//482 132//483
vn 0.0048374234909203135 -0.000657559420893946 -0.0006181619154376992
f 306//481 132//483 301//484
f 301//484 132//483 133//470
f 301//484 133//470 110//472
v -39.26420854623038 -13.451036342189214 -2.3957758060303997
vn 0.0012305228554752045 0.00027751130569709387 -0.00014277311644109896
vn 0.00010710015180418043 0.00002641621683069089 -0.0000030343748678977026
vn 0.000042796661817937545 0.000008913440846265245 -0.000004439149895250888
f 304//485 335//486 228//487
vn 0.0021125932374955235 0.00048391630850484513 -0.0003110293427235729
f 304//485 228//487 139//488
f 304//485 139//488 305//478
vn 0.0020241399459669006 0.0003879099910086395 0.00009887732301648995
f 305//478 139//488 137//489
f 305//478 137//489 145//479
vn 0.00008756475159801914 0.000023826521655452116 2.1326199510524684e-7
f 128//490 335//486 324//444
vn 0.0000022921919593907 2.4064499012390346e-7 -3.6992400413434084e-7
vn 0.00010216802759357875 0.000022597646993526863 -0.000004862807072938954
f 230//491 228//487 127//492
f 127//492 228//487 335//486
f 127//492 335//486 128//490
vn 0.0034206998024776613 0.00016947464357447412 -0.0006618865201341131
vn 0.0007664046019665212 0.00004109548110745131 -0.00017178497836127903
vn 0.0024020657516708116 0.00036462619939444665 -0.0005247648145107205
f 152//493 154//494 129//495
vn 0.00004824207936471955 1.001040018171771e-7 -0.00001264695564968158
f 129//495 154//494 240//496
vn 0.00005176726258636807 4.4458001062003054e-8 -0.00001365166806529584
f 129//495 240//496 238//497
vn 0.000037540993966948336 1.1715999551354402e-8 -0.000009943442671180156
f 129//495 238//497 236//498
vn 0.00002934058968029038 9.629999987157778e-10 -0.000007807576250416486
f 230//491 127//492 232//499
f 232//499 127//492 129//495
vn 0.000022130332251814833 1.5769999515512114e-9 -0.000005879337007784616
f 232//499 129//495 234//500
f 234//500 129//495 236//498
vn 0.0048374234909203135 0.0006181619154376997 -0.0006575594208939455
f 129//495 307//501 152//493
vn 0.00443495198063624 0.00047146435124480207 -0.00040908797500151386
f 152//493 307//501 151//502
vn 0.006788009210854633 0.0010620226226818173 -0.000055681935089256756
f 151//502 307//501 311//503
vn 0.00228641993684441 -0.000058242348173514416 -0.00007334000001573908
f 151//502 311//503 161//504
vn 0.004626177648064828 0.0005881990567676864 0.0002804960489851086
f 161//504 311//503 163//505
vn 0.00670204394754702 0.0007977238155309288 0.0009279692756500958
f 163//505 311//503 310//506
vn 0.002270990017488748 -0.00007767080271827724 0.0002751999959319834
f 163//505 310//506 164//507
vn 0.0020241399459669006 -0.0000988773230164897 0.00038790999100863976
f 164//507 310//506 156//508
vn 0.0012275446023412855 0.00007343887300228518 0.0002748596848475237
vn 0.00011027292766201606 -1.7801199893115283e-7 0.00002989777704911361
vn 0.00004271632797111641 1.0161299561347978e-7 0.00001137723467181367
f 183//509 185//510 186//511
vn 0.0021090358181441457 0.0002449119019614622 0.00047847723923098717
f 156//508 310//506 158//512
f 158//512 310//506 183//509
f 158//512 183//509 186//511
vn 0.00008756475159801914 -2.1326199510523612e-7 0.000023826521655452127
f 147//513 185//510 325//442
f 189//368 186//511 146//366
f 146//366 186//511 185//510
f 146//366 185//510 147//513
v -39.26420550639354 -14.23103630195608 -1.604334794474028
v -39.264644554200416 -14.23103630195608 -1.6027208199268501
vn 0.0000015930180315081024 -1.4999999629809374e-10 4.332929896926798e-7
f 336//514 337//514 315//355
v -37.914086591403695 -13.452884026545073 -1.6117220748281211
v -37.914303433098155 -14.23054149400485 -1.6129687357573441
v -37.9133663884916 -13.453035690561444 -2.3852975480536034
vn 0.6015765577319778 -0.00016865663677593118 0.0005600938373604583
vn 1.2034181177106782 -0.0007277679288347375 0.0007274373093258229
f 338//515 339//516 340//516
v -37.914086591403695 -14.22918861760022 -2.3883795253750795
vn 0.6018415003740565 -0.0005591112920588063 0.0001673434283096197
f 340//516 339//516 341//517
vn 0.015530406265997795 -0.019251538153714866 0.00010858620791707442
vn 0.008217018906518537 -0.009551830447437907 0.0000018445029761831119
vn 0.015425232940536248 -0.0191179362070868 -0.000012829756806054493
f 267//518 284//519 341//520
vn 0.007313387825140539 -0.009699707706276959 0.0001067417017576599
f 267//518 341//520 339//521
vn 0.015567956260324178 -0.02332613396158615 0.004529725692723311
f 267//522 339//521 268//243
vn 0.000108744605511973 -0.00013850553453332882 -0.00013626256056111218
f 284//282 280//283 341//523
vn 0.007975607991582036 0.000028596732164688678 0.009409408876159658
vn 0.016643309717725072 0.00001534284979117979 0.016169314963082753
f 271//524 268//525 338//525
vn 0.008667702657465599 -0.000013253883283003578 0.006759906086923093
f 338//525 268//525 339//526
vn 0.007979172163021983 -0.000027023515537845675 -0.009415102050973444
vn 0.018277838553818492 0.00011939579239316968 -0.017227265727113698
vn 0.018139008162334446 -0.000005904219418212296 -0.017107806844892996
f 280//527 279//528 341//529
vn 0.01029866639079651 0.00014641930247404723 -0.007812162744817693
f 341//529 279//528 340//530
vn 0.00010873394623422703 0.00013849220497917826 0.0001362493328703667
f 338//531 272//256 271//257
vn 0.018286794151562542 0.008954698086459965 -0.007806452806197808
vn 0.016345573345637722 0.01848851303028296 -0.00010141717788281199
f 340//532 279//528 275//533
vn 0.008218615193387641 0.009554932682887724 0.00001233200127713062
vn 0.016206742954153676 0.018363212892961313 0.000018041866227944638
f 275//533 272//534 338//535
vn 0.008126959083572641 0.008933579416072677 -0.00011374918370741607
f 275//533 338//535 340//536
v -38.15905053171173 -14.23103630195608 -1.60272081992685
v -38.159489579518606 -14.23103630195608 -1.6043347944740278
vn -0.0000015930180315081024 -1.4999999629809374e-10 4.332929896926794e-7
f 342//537 343//537 269//293
vn -0.001800653381449679 -0.0001405911440966108 0.00037152165342648825
f 168//291 217//298 169//538
vn -0.000020531355097422675 -1.2319999281466842e-9 0.000005458592941582911
f 169//538 217//298 219//539
vn -0.000022130475951975572 -1.2539999962525273e-9 0.000005878954110520875
f 169//538 219//539 221//540
vn -0.00003758346009293072 -1.1124000221736316e-8 0.000009956808605118243
f 221//540 223//541 169//538
vn -0.00005176726258636807 -4.4458001062003054e-8 0.00001365166806529584
f 169//538 223//541 225//542
vn -0.00004824207936471955 -1.001040018171771e-7 0.00001264695564968158
f 169//538 225//542 227//543
vn -0.0027242062673090957 -0.0006796886344672944 0.0005736339286173292
f 169//538 227//543 112//544
vn -0.0061206397619748155 -0.0004836126100385546 0.0008082840238394726
f 169//538 112//544 285//545
v -38.159486539681765 -14.236761328001446 -2.390050779985033
vn -0.00009670184810205403 -0.0000022713879505186744 -0.00002380290389738842
vn -0.00009366487071510598 -0.000004927613116948112 -0.000020271268720421674
vn -0.00008756475159801914 2.1326199510523612e-7 -0.000023826521655452127
f 344//546 174//547 176//548
vn -0.000014469420205326079 -4.153989943407423e-7 -0.0000035143720582896372
f 344//546 176//548 286//549
vn -0.0032249625757342195 -0.00019723661241048408 -0.0006542412350253582
vn -0.0006767809290173512 -0.00007233356046971217 -0.00015759115687435642
vn -0.002137519154511107 -0.0003906624566292397 -0.00048219470054366173
f 119//550 116//551 283//552
vn -0.00003258704915978687 -0.000001651402929331575 -0.000008954471789629624
f 283//552 116//551 201//553
f 344//546 283//552 174//547
vn -0.000030172133397772787 -0.000005790332948100682 -0.0000028539579518480944
f 174//547 283//552 203//554
f 203//554 283//552 201//553
vn -0.0010163199470740567 -0.0005391431542799898 0.00022666999965280284
vn -0.003846459499054261 -0.0012636579152024104 0.0005608140407381346
f 112//544 111//555 285//556
vn -0.003959709719423806 0.0006395666764741142 0.0005885940539487589
vn -0.0011323699558918186 0.00038091904731029204 0.00016715000425521266
vn -0.0022741800300899147 0.0007800453342676858 0.0002474699831013382
f 285//557 111//558 117//559
vn -0.001141809957782776 0.0003991262869573938 0.00008032000067399801
f 285//557 117//559 124//560
vn -0.0011446099790616338 -0.000584036103128849 -0.0000069799997487642385
vn -0.00228535985893965 -0.0008534189419311444 -0.0001012199994344081
f 285//556 124//561 122//562
vn -0.002270990017488748 -0.00008039613629333845 -0.0002751999959319834
vn -0.0037112882739113533 -0.00039547716143761337 -0.0005969731630277168
f 122//562 120//563 282//564
f 282//564 120//563 119//550
f 282//564 119//550 283//552
vn -0.001800653381449679 -0.00037152165342648846 -0.00014059114409661102
f 174//547 203//554 175//565
vn -0.000020531355097422675 -0.000005458592941582914 -1.2319999281491987e-9
f 175//565 203//554 205//566
vn -0.000022130475951975572 -0.0000058789541105208775 -1.2539999962552376e-9
f 175//565 205//566 207//567
vn -0.00003758346009293072 -0.000009956808605118248 -1.1124000221740918e-8
f 207//567 209//568 175//565
vn -0.00005176726258636807 -0.000013651668065295846 -4.445800106200939e-8
f 175//565 209//568 211//569
vn -0.00004824207936471955 -0.000012646955649681585 -1.00104001817183e-7
f 175//565 211//569 213//570
vn -0.0027242062673090957 -0.0005736339286173296 -0.0006796886344672947
f 175//565 213//570 134//571
vn -0.0061206397619748155 -0.0008082840238394734 -0.00048361261003855533
f 175//565 134//571 281//572
v -38.159486539681765 -13.451036342189214 -2.3957758060303997
vn -0.00009670184810205403 0.00002380290389738841 -0.0000022713879505186862
vn -0.00008756475159801914 0.000023826521655452116 2.132619951052254e-7
vn -0.000014469420205326079 0.0000035143720582896355 -4.15398994340744e-7
f 345//573 179//574 287//575
vn -0.00003258704915978687 0.00000895447178962962 -0.000001651402929331579
vn -0.002137519154511107 0.00048219470054366146 -0.00039066245662923996
vn -0.0006767809290173512 0.00015759115687435634 -0.00007233356046971225
f 229//576 278//577 140//578
vn -0.0032249625757342195 0.0006542412350253577 -0.00019723661241048449
f 140//578 278//577 138//579
vn -0.000030172133397772787 0.0000028539579518480906 -0.000005790332948100685
f 229//576 231//580 278//577
vn -0.00009366487071510598 0.000020271268720421663 -0.0000049276131169481236
f 278//577 231//580 177//581
f 179//574 345//573 177//581
f 177//581 345//573 278//577
vn -0.0010163199470740567 -0.00022666999965280298 -0.0005391431542799899
vn -0.003846459499054261 -0.0005608140407381351 -0.0012636579152024109
f 134//571 131//582 281//583
vn -0.003959709719423806 -0.0005885940539487593 0.0006395666764741138
vn -0.0011323699558918186 -0.0001671500042552128 0.0003809190473102919
vn -0.0022741800300899147 -0.00024746998310133845 0.0007800453342676855
f 281//584 131//585 130//586
vn -0.001141809957782776 -0.00008032000067399815 0.00039912628695739364
f 281//584 130//586 141//587
vn -0.0011446099790616338 0.000006979999748764099 -0.0005840361031288491
vn -0.00228535985893965 0.00010121999943440781 -0.0008534189419311447
f 281//583 141//588 143//589
vn -0.002270990017488748 0.0002751999959319831 -0.00008039613629333874
vn -0.0037112882739113533 0.0005969731630277163 -0.0003954771614376138
f 143//589 136//590 277//591
f 277//591 136//590 138//579
f 277//591 138//579 278//577
vn -0.001800653381449679 0.0001405911440966108 -0.0003715216534264887
f 177//581 231//580 178//592
vn -0.000020531355097422675 1.2319999281466842e-9 -0.0000054585929415829165
f 178//592 231//580 233//593
vn -0.000022130475951975572 1.2539999962525273e-9 -0.00000587895411052088
f 178//592 233//593 235//594
vn -0.00003758346009293072 1.1124000221736316e-8 -0.000009956808605118253
f 235//594 237//595 178//592
vn -0.00005176726258636807 4.4458001062003054e-8 -0.000013651668065295853
f 178//592 237//595 239//596
vn -0.00004824207936471955 1.001040018171771e-7 -0.00001264695564968159
f 178//592 239//596 241//597
vn -0.0027242062673090957 0.0006796886344672944 -0.0005736339286173299
f 178//592 241//597 153//598
vn -0.0061206397619748155 0.0004836126100385546 -0.0008082840238394742
f 178//592 153//598 276//599
vn -0.00009670184810205403 -2.1326199510523612e-7 0.000026287554255127092
vn -0.00008756475159801914 -2.1326199510523612e-7 0.000023826521655452106
f 172//600 180//311 182//601
f 172//600 182//601 273//319
vn -0.0032249625757342195 0.00013197818574341857 0.0006499012718923197
vn -0.0006732233932506533 0.00003241335386423054 0.0001564920943892807
vn -0.0021374388279402435 0.00032106649699894347 0.00048031849303739507
f 157//602 159//603 171//604
vn -0.00003250671531296574 9.016399936649854e-8 0.00000864196759576771
f 171//604 159//603 188//605
f 172//600 171//604 180//311
f 180//311 171//604 190//312
f 190//312 171//604 188//605
vn -0.0010163199470740567 0.0005391431542799898 -0.00022666999965280312
vn -0.003846459499054261 0.0012636579152024104 -0.0005608140407381355
f 153//598 150//606 276//607
vn -0.003959709719423806 -0.0006395666764741142 -0.0005885940539487597
vn -0.0011323699558918186 -0.00038091904731029204 -0.00016715000425521293
vn -0.0022741800300899147 -0.0007800453342676858 -0.0002474699831013387
f 276//608 150//609 149//610
vn -0.001141809957782776 -0.0003991262869573938 -0.00008032000067399828
f 276//608 149//610 160//611
vn -0.0011446099790616338 0.000584036103128849 0.000006979999748763959
vn -0.00228535985893965 0.0008534189419311444 0.00010121999943440753
f 276//607 160//612 162//613
vn -0.002270990017488748 0.00008039613629333845 0.00027519999593198283
vn -0.0037112882739113533 0.00036901398012021216 0.0005926331416870182
f 162//613 155//614 274//615
f 274//615 155//614 157//602
f 274//615 157//602 171//604
v -38.15905053171173 -13.451036342189214 -2.3973807802763507
v -38.159489579518606 -13.451036342189214 -2.3957668057291728
vn -0.0000015930180315081024 1.4999999629809374e-10 -4.332929896926798e-7
f 346//616 347//616 287//575
v -38.15905053171173 -14.238366302247398 -2.390050779985033
v -38.159489579518606 -14.23675232770022 -2.390050779985033
vn -0.0000015930180315081024 -4.332929896926796e-7 -1.4999999629828882e-10
f 348//617 349//617 286//549
usemtl mtl3
v -38.548598529580566 -13.794711451282476 -1.6200508105324132
vn -0.0016642249872650958 -0.0005922379698829656 0.0019218428938188718
vn -0.0010000000325962898 -0.00039023998543262506 0.0008048891202749442
f 350//618 79//618 74//619
v -38.52839872438344 -13.861133955596921 -1.6200508105324132
vn 0.00028048999538846325 0.00010117999622004113 -0.000005038199940330828
vn 0.0008028822947795348 0.0002858891924151899 0.00001503125054453276
f 80//620 351//621 99//620
v -38.56596829138476 -13.864791026462298 -1.6200508105324132
vn -0.00003657070865376732 0.00037569563741690463 0.00028522021177828
vn -0.00003657070865376739 0.0009351456398495193 0.0009004644682561687
vn -0.00003657070865376734 0.0007888056453122848 0.00043643064495838224
f 351//622 352//623 99//624
vn -1.8517937299169692e-20 0.0004131100078953802 0.00015121043318010223
f 99//624 352//624 98//625
vn -0.0012571330693418822 0.000435656424872109 0.00003571996368442701
vn -0.00028048999538846325 0.0000954699993924983 0.000009076623292720404
f 352//626 97//627 98//627
vn 0.0010000000325962898 -0.0003780499917466195 0.0003991736097850114
f 88//628 350//628 76//628
vn 2.9388725891057928e-21 -0.00013415000085122884 -0.000023997715840615843
f 76//629 350//629 74//629
v -38.54686965218114 -13.80889472647272 -1.6200508105324132
vn -6.60307555766004e-20 0 0.0005391820369969006
vn 0.00003657070865376693 -0.00037569563741690463 0.0028645779976311627
vn 0.0007007957797378929 -0.00002735768389518099 0.0020399950140715392
f 353//630 350//631 352//632
vn 0.0007007957797378929 -0.00017369768207039414 0.0015759611034622625
vn 0.0007007957797378929 -0.00017369768207039414 0.0017476241076719151
vn 0.000700795779737893 -0.00017369768207039414 0.0012084420124673545
f 352//633 350//634 88//635
vn -0.00003657070865376742 0.0005220356319541391 0.0011167730969671445
vn -5.682775363977426e-20 0.0001463399945372344 0.0004640338232977864
f 352//636 88//637 97//637
vn -0.0006642250710841261 -0.0000556579608092761 0.0018061680915777672
f 350//631 353//630 351//638
vn -0.0016642249872650958 -0.0005922379698829656 0.0024610249890234326
vn -0.000664225071084126 -0.0002019979553465105 0.00128861677775358
f 350//639 351//640 79//618
vn -6.338176311531226e-20 0.0001463399945372344 0.0005175513720318472
vn -8.717343003204982e-19 0.0001463399945372344 0.0006892143762414996
f 79//641 351//642 80//641
vn 0.00003657070865376725 -0.00037569563741690463 0.0002658889531118579
vn 0.000036570708653767236 -0.0007101156410185153 0.00038824098886749167
f 352//643 351//644 242//644
vn -1.4983804677825557e-20 -0.00033442000360161064 0.00012235205030754881
f 242//644 351//644 243//645
vn -0.0006290830112385302 0.00020699643628956476 0.00003345677710225945
vn -0.0010113230522897387 0.000349816453552746 0.000027208062924021727
f 353//646 352//626 244//647
vn -0.00041768000770092006 0.0001491999988097698 -0.000006829194615520948
f 244//647 352//626 242//648
vn -0.00007011999591773383 0.000016010000524776983 -1.5755942093836974e-8
f 353//646 244//647 246//649
vn -0.00003543999939152041 0.0000063799997364822826 -5.804791298846201e-7
f 353//646 246//649 248//650
vn 7.911989389293156e-24 0.000003240000020847074 -6.46062962382443e-8
f 249//651 353//651 248//651
vn 0.001010192310285683 0.0003506792074899494 0.000049177189061339115
vn 0.00003532999782796953 0.000006529999966926409 -8.230478433826461e-7
vn 0.00007011999591773383 0.000015429999391194445 -8.101813925586419e-7
f 353//652 249//653 247//654
vn 0.00045246999851472684 0.00015943999222848578 0.000029930784430338546
f 353//652 247//654 245//655
vn 0.0009400722779881616 0.00033524920082279744 0.00004998736692960584
f 351//621 353//652 243//656
f 243//656 353//652 245//655
v -38.617267028146294 -13.890235790727049 -1.6200508105324132
v -38.66993321092259 -13.892841653603734 -1.6200508105324132
vn -0.00007120863195570366 0.0007656218253542211 0.000264600060895457
vn -0.00002605862898513394 0.0007985817964400084 0.00033972798922504504
vn -0.00003685862920620664 0.0009223118403395737 0.000380068109528078
f 354//657 355//658 81//659
vn -1.218357734539592e-20 0.00027191999428838505 0.0000994864589029147
f 81//659 355//658 82//660
v -38.67440487796688 -13.803816988233518 -1.6200508105324132
vn 0.0008902466374040151 0.00004471666695040961 0.0008125376068050027
vn 0.0018902466117926447 0.00004471666695040961 0.001259704218101439
f 355//661 356//662 82//662
vn 0.0010000000325962898 0 0.00044716666950409624
f 82//662 356//662 83//663
v -38.627058856692344 -13.798985860483109 -1.6200508105324132
vn 0.00004831128463453557 -0.00047346020459629296 0.00036801825078363346
vn 0.000048311284634535565 -0.0007556701781314585 0.0004381626138830541
f 356//664 357//665 83//665
vn -0.00000821871423372126 -0.0010171402094194264 0.0004110578386327947
vn -0.000015440000194786127 -0.00042667998878575885 0.00006961965014793501
f 83//665 357//666 84//667
v -38.59758652840904 -13.832823743712098 -1.6200508105324132
vn -0.0004124499912381174 -0.00006656999804301192 -0.000037481331115401125
vn -0.0002279199946003781 0.000006759999804893745 -0.000009884512872351636
vn -0.0001926200028211623 -0.000034129999622395274 -0.00003972353383612212
f 358//668 101//669 100//670
vn -0.0001845299966377393 -0.00007332999557416894 -0.000027596817333554805
f 358//668 100//670 87//671
vn -0.0008292388396637316 -0.00043200325391995535 0.00014933866400791452
vn -0.00016440999507386246 -0.00011718000139819458 0.00003526566381170355
f 358//672 87//671 86//673
vn -0.0005027888034986139 -0.00041190324668730435 0.00018237226778366014
vn -0.0004177088204926429 -0.0003664832274767276 0.00018695750344421705
f 358//674 86//673 85//675
vn -0.00041223881384747015 -0.00040461323203163995 0.00013137142909509791
f 358//674 85//675 357//676
vn -0.000468768841819557 -0.0006660832342157777 0.00010426663929292348
vn -0.00007385999814676125 -0.00010989000129444524 -0.000015735176695848058
f 357//677 85//675 93//678
vn -0.00011402999928735199 -0.00022584000207629055 -0.0000424527527724914
f 357//677 93//678 92//679
vn -0.0001303900042909756 -0.0006535699842897061 0.000027304403877355647
vn -0.00005652999886825683 -0.0002614700021841377 -0.000027104789802174433
f 357//680 92//679 91//681
f 357//680 91//681 84//667
vn -0.0000451499975136016 0.00023895999409876775 0.00002435853239231601
f 354//657 81//659 96//682
vn -0.00021069863264339226 0.0009523418124416202 0.0001828424692615126
vn -0.00009503000041425227 0.0002196399986145646 -0.000061559293491348
f 354//683 96//682 95//684
vn -0.0002632799984771014 0.0003592999947734178 -0.00009480520243115425
vn -0.0001394900006876886 0.00018672000163931398 -0.00008175759163394436
f 354//685 95//684 94//686
vn -0.0001682499980628491 0.00013965999615885325 -0.00003324590530182751
f 354//685 94//686 90//687
vn -0.0009077204605345361 0.00047677495621293854 0.0003718042516160122
vn -0.00019411000250302253 0.00009324999561812736 0.00007236827406297214
f 354//688 90//687 89//689
vn -0.0007682304598468475 0.00029005496912553957 0.0004535618578018716
vn -0.0008126204945129084 0.00024673496587410625 0.00045731782348166664
f 354//690 89//689 102//691
vn -0.0007079504906877803 0.00021083496953513522 0.0003878835065233184
f 354//690 102//691 358//692
vn -0.0009865704776857724 0.0001302349681884428 0.0003437122453475408
f 358//693 102//691 101//669
v -38.61247465086499 -13.831723200773396 -1.6200508105324132
vn 3.5447298830124734e-19 -1.0922773001442003e-18 0.0015214115620194144
vn -2.910336420832894e-18 5.925251286752716e-19 0.0017394623459955703
vn 3.8447059032608262e-19 -1.0922773001442003e-18 0.0012764625526746729
f 359//694 358//695 357//696
v -38.631847456529336 -13.809828449983021 -1.6200508105324132
vn 5.032863558801875e-19 -2.6582053464111014e-19 0.0008051155480725237
f 359//694 357//696 360//697
vn -6.003452420729861e-20 0 0.0004902190921422976
f 360//697 357//696 356//698
v -38.62314863559115 -13.880313685055913 -1.6200508105324132
vn -3.0020471082135917e-18 4.342542227649008e-18 0.0018060015012547153
vn -2.1052649750520738e-19 2.9235604368682214e-18 0.0005378861016536341
vn -2.912014967724693e-18 4.342542227649008e-18 0.001070833283352356
f 361//699 355//700 354//701
f 361//699 354//701 358//695
f 361//699 358//695 359//694
vn 0.00014877460267823784 0.0006995242334041859 0.00002776351133900121
vn 0.000060114604834854904 0.0005730542385309304 0.00006722282605425903
vn 0.00007270460519867606 0.0006914142183376221 0.00006312362435508709
f 360//702 356//703 252//704
vn -6.607348933837711e-21 0.0001474799915592374 0.000053953098464291947
f 252//704 356//703 250//705
vn 0.00004147000010612421 0.00020090999597258873 0.000007171678937537962
f 360//702 252//704 258//706
vn 0.000419292097949727 0.0009418222330797877 -0.000051590074831208916
vn 0.00007606999747956176 0.00015558999207388623 0.000018592985448206073
f 360//707 258//706 266//708
vn 0.00009875999820170927 0.00012160999722940853 -0.000005028457887977978
f 360//707 266//708 265//709
vn 0.0003465875000270084 0.00039788800630140297 -0.000060760600722004056
vn 0.00033219751872573023 0.00027703799010942896 -0.0000779476674532865
f 360//710 265//709 264//711
vn 0.00035972750093262644 0.0002518180079952925 -0.00005519294708912522
f 360//710 264//711 359//712
vn 0.0004592474947236852 0.0002603080026666373 -0.00005015126878635925
vn 0.0001407799988496304 0.00005809000053727999 0.000011810081383831535
f 359//713 264//711 257//714
vn 0.0005642775129261984 0.00025112801439310594 -0.00006987302081615814
vn 0.00017861999829027806 0.00003184000113681889 0.000015445839150684512
f 359//715 257//714 256//716
vn 0.0008312348385343726 -0.00004933984309138033 -0.00025033790361564
vn 0.00020454999744165696 -6.899999686493544e-7 -0.000014680074636527598
f 359//717 256//716 255//718
vn 0.0007695548587358764 -0.00008407984443914378 -0.0002517438223325636
vn 0.0006849348326595898 -0.0001452498378241459 -0.00029398416080163173
f 359//719 255//718 263//720
vn 0.0006904548396847422 -0.00010742983999068158 -0.00026214800500835465
vn 0.0005799048726647367 -0.00013606983499869953 -0.0002742624160477904
f 359//721 263//720 361//722
vn 0.0006488548727876713 -0.00017823984406251694 -0.0002631752537928484
vn 0.00016295000144075602 -0.00007149999767402192 -0.00001570733342546285
f 361//723 263//720 262//724
vn 0.00025884998809397243 -0.00019578999198727323 0.00003707394661667468
vn 0.00012434999913480137 -0.00009826000167787073 0.00003773319566042059
f 361//725 262//724 261//726
vn 0.00031638968613721896 -0.0007184557509652414 0.0003607326017024726
vn 0.0000959000012051314 -0.00012429000158920884 0.000052781280042137525
f 361//727 261//726 260//728
vn 0.00006676000239731742 -0.00015234999364465487 0.000036681976233924174
f 361//727 260//728 259//729
vn 0.00025725969661385273 -0.0007817857433030644 0.0003222840266241279
vn 0.00003607999988968485 -0.0001896500006230548 -0.000016814674131190603
f 361//730 259//729 254//731
vn 0.00003607999988968486 -0.00033160999970905487 -0.00009078485755942975
vn 0.000009819999685632083 -0.00024746000048764055 -0.0001013315835187162
f 361//732 254//731 253//733
vn 0.00012527969188105774 -0.0004678457265388858 0.0002863174261701491
vn 0.0002474396860142844 -0.000676285756453339 0.0003496454394475306
f 355//734 361//735 251//734
vn 9.058735059535519e-21 -0.00014195999908600006 -0.00007397018524722853
f 251//736 361//733 253//733
vn -0.0008902466374040153 -0.00004471666695040961 0.000779818382601166
vn -0.0016707366781944536 -0.00004471666695040961 0.0011288275541167325
f 356//737 355//738 250//738
vn -0.000780489982582778 0 0.0003490091133079064
f 250//738 355//738 251//739
v -38.69838854335148 -13.88918298645149 -1.6200508105324132
vn -0.00010976000176168977 0 -1.3441723483186123e-20
f 57//740 362//740 58//740
v -38.75204654274545 -13.89650032075598 -1.6200508105324132
vn -0.0000731733296571549 0.0005365799799698595 0.0003926334553098909
f 362//741 363//741 58//741
vn 0 0.0005365799799698595 0
f 58//742 363//742 2//742
v -38.74757520725199 -13.803816988233518 -1.6200508105324132
vn 0.0009268332949566351 -0.00004471333092389322 1.1350434280118379e-19
vn 0.0019268332693452648 -0.00004471333092389322 0.00044713331651488993
f 363//743 364//744 2//744
vn 0.0010000000325962898 0 0.0004471333165148898
f 2//744 364//744 3//745
v -38.7008275430276 -13.800158656357395 -1.6200508105324132
vn 0.00003658333244003974 -0.00046747666087036346 0.00035839472014055076
vn 0.000036583332440039715 -0.000979666699958344 0.0005457709112834796
f 364//746 365//747 3//747
vn -2.294696348986542e-20 -0.0005121899808803205 0.00018737617659101373
f 3//747 365//747 20//748
vn -0.00010974999732011935 0 -1.3440498292451475e-20
f 20//749 365//749 7//749
vn -0.00003658333244003982 0.00046747666087036346 0.00034203708709907405
vn -0.000036583332440039844 0.000845526681720813 0.0004803403791175727
f 365//750 364//751 7//751
vn -1.69372683881996e-20 0.0003780499917466195 0.00013830329201849862
f 7//751 364//751 8//752
v -38.738632541853015 -13.847719655284287 -1.6200508105324132
vn -0.00043902664838877856 -0.00008942666184778644 0.0003598916465339564
vn -0.0009268332949566352 0.00004471333092389322 0.0008670034456327044
f 364//753 366//754 8//753
vn -0.00032926999356754137 0 -4.0323944367775913e-20
vn -0.0006707300099249183 0 -8.214073597466237e-20
f 8//755 366//756 9//755
v -38.70326654270372 -13.844060988597702 -1.6200508105324132
vn 0.00003658666482857739 -0.00035365999265708043 0.0002587847955147208
vn 0.000036586664828577375 -0.0007073199853141609 0.00038817722237591116
f 366//757 367//758 9//758
vn -1.5845998574755257e-20 -0.00035365999265708043 0.0001293923977573604
f 9//758 367//758 10//759
f 10//740 367//740 11//740
vn -0.000036586664828577456 0.00035365999265708043 0.0002587847955147208
vn -0.00003658666482857747 0.0007073199853141609 0.00038817722237591116
f 367//760 366//761 11//761
vn -1.5845998574755257e-20 0.00035365999265708043 0.0001293923977573604
f 11//761 366//761 55//762
vn -0.00034145998725354694 0 -4.181678804269523e-20
f 366//756 56//763 55//763
vn 0.00007317332965715476 -0.0009390199999098481 0.0006380348836923409
vn -1.8031623009151838e-20 -0.00040243999083615855 0.0001472393756445218
f 56//764 362//764 57//765
vn 0.00007317332965715479 -0.0005365799799698595 0.0004907954643920741
f 362//764 56//764 363//766
vn -0.0004878066465678567 0.00013414000368561593 0.000507111769994918
f 363//767 56//767 366//754
vn -1.255433895191382e-19 0 0.0010251395717242426
f 363//768 366//768 364//768
v -38.77645749426429 -13.884523631834181 -1.6200508105324132
v -38.77451098540887 -13.896177170453855 -1.6200508105324132
vn -0.00011653532973531145 -0.00001946512900857063 0.00006521934022334456
vn -0.0002262954624642363 -0.00001946512900857063 0.0000976143695885968
f 368//769 369//770 15//770
vn -0.00010976013272892488 0 0.00003239503300323101
f 15//770 369//770 31//771
vn -0.000025384240492807858 0.0008670957047738776 0.00010033861904598968
vn 0.0000056200068756168586 0.00008615010900804611 0.000027090337931578604
vn -0.000006090007355143207 0.00006751008085658655 -0.0000032004454147353534
f 369//772 69//773 70//774
vn -0.00001978002517346255 0.00014122017972681406 -0.000022055298940036653
f 369//772 70//774 71//775
vn -0.00005793007135332456 0.00020764025666541972 -0.00005467578658153064
f 369//772 71//775 107//776
vn -0.00006402008052745714 0.0002751503447979638 -0.000057876229267781924
vn -0.00004377005396497355 0.00010659012901089895 -0.00003888268053101108
f 369//777 107//776 31//778
v -38.84417715395456 -13.86873821361857 -1.6200508105324132
vn 0.0007667391795964662 0.00007147176695889955 0.00009532590633005426
vn 0.000707979187064183 -0.00002628823455715389 0.0001448934614255137
vn 0.0002216599935930596 0.000039769998100753907 -0.000017025496818909445
f 370//779 60//780 59//781
vn 0.001094343007999018 0.00037452831189851 0.0001853357798276727
vn 0.00020092999030381457 0.00008337000202488152 -0.00002917293161047443
f 370//782 59//781 33//783
vn 0.000644353790851626 0.000396096549148164 0.00006168451999597976
vn 0.00017416999357592326 0.00012837999192617848 0.000014188075299482626
f 370//784 33//783 14//785
vn 0.0005285337604987062 0.0003864265687923645 0.000060836932792197126
vn 0.0003789637938016833 0.00038349656980862367 0.00008460688569703128
f 370//786 14//785 13//787
v -38.82138249038813 -13.893590593404758 -1.6200508105324132
vn 0.0003332537840287569 0.00040531655518797705 0.0000534409911091851
f 370//786 13//787 371//788
vn 0.00035911960923493494 0.0008740317295449716 0.00016127893228040744
vn 0.00008473000217398626 0.00017737000334270295 -0.00001108095131571616
f 371//789 13//787 40//790
vn 0.00006591583125558374 0.0006300652655018082 0.0001285082816089201
f 371//789 40//790 39//791
vn 0.0001105958201042068 0.0006460851776996974 0.00009675699258399023
vn 0.000018385813472165697 0.0007605055466591486 0.00013922129957700077
f 371//792 39//791 369//793
vn 0.00001277001573796593 0.00012323015651508935 0.00005037689986659177
f 369//793 39//791 4//794
f 369//793 4//794 69//773
v -38.81466867545473 -13.797193150235364 -1.6200508105324132
vn 0.00008546847548103369 -0.0007327448001839996 0.00007353006257770492
vn -0.00000985152004304174 -0.0006459847694861179 0.00011939968503043526
vn 0.00004058999851165342 -0.00021192000397413967 -0.000015535777261413228
f 372//795 36//796 35//797
vn 0.00043775993329085516 -0.0010965412784883191 0.00019026179223396945
vn 0.00008705999659797183 -0.00020646999166019277 -0.000030252978380608688
f 372//798 35//797 30//799
vn 0.0004475514512408309 -0.0006707064940302597 0.00008963794837779635
vn 0.0001414999985005707 -0.00018526999061990545 0.000016211986562105116
f 372//800 30//799 29//801
vn 0.0004393514471318358 -0.0005702664990683423 0.00008647874945666648
vn 0.0004457814436103189 -0.00042240649880049386 0.0001094025630732617
f 372//802 29//801 28//803
v -38.84202033011318 -13.823739294697798 -1.6200508105324132
vn 0.00047226144694147344 -0.0003705164944489823 0.00006980835210584704
f 372//802 28//803 373//804
vn 0.0010644206618603967 -0.00040647474210374443 0.00021385421541364187
vn 0.00020679999998882416 -0.00009699999501276769 -0.00001915338515226805
f 373//805 28//803 27//806
vn 0.0002554799974079431 -0.0000527799994736165 0.000008570393092288864
f 373//805 27//806 61//807
vn 0.0007989591567000873 -0.00013295822811561485 0.00012489247997451617
f 373//808 61//807 60//780
vn 0.0006716491670847064 0.00001820176448907868 0.00010662575937480475
f 373//808 60//780 370//809
v -38.77208519561194 -13.79817230179753 -1.6200508105324132
vn -0.00004943152015595296 -0.0006611547916396739 0.00010549636342288759
vn -0.00003138000055138953 -0.00011560999528760099 -0.000010744128143385942
vn -0.000039639998567998435 -0.00023531999262969955 0.000004872517292977747
f 374//810 38//811 37//812
f 374//810 37//812 36//796
vn 0.00003079848056167765 -0.000637754788432199 0.00008508806659475988
f 374//810 36//796 372//813
v -38.77319390904347 -13.80940623490011 -1.6200508105324132
vn -0.00011233932869748283 0.000011087127694143874 0.000007093708867411497
vn -0.00024647931783118376 0.000011087127694143874 0.000029017086057669105
f 374//814 375//815 38//815
vn -0.00013414000368561593 0 0.00002192337855449964
f 38//815 375//815 1//816
vn -0.000012804541065825432 0.0007708943334088574 -0.0003115507960460962
vn -0.00006103454052209604 0.0006582543039395765 -0.00034029976306967794
vn 0.00006402000049192459 0.00023417999560769657 0.000024861288323038626
f 375//817 18//818 16//819
vn 0.000048229997637281226 0.00011264000036545099 0.00002874896702358177
f 375//819 16//819 1//820
v -38.82686534276538 -13.817088688626603 -1.6200508105324132
vn -0.0007864773971181006 0.000013013633894647341 -0.00042183620925119225
vn -0.000787677406237611 -0.00002375636505419217 -0.00047799754990454705
vn -0.0001848599904144557 0.00003142000012777746 -0.000024667071189337306
f 376//821 44//822 54//823
vn -0.00032873998371899156 0.00013303999532606462 0.00004170161202342638
vn -0.00018426000040661544 0.00006787999781213705 0.00003483978019101871
f 376//824 54//823 53//825
vn -0.00029722999454878283 0.00019747999318905186 0.00009004614414578458
vn -0.00014387999330453587 0.00010161999519828715 0.00006636868685074245
f 376//826 53//825 43//827
vn -0.00011297000141812488 0.00012959999537691483 0.00005520636395476588
f 376//826 43//827 42//828
vn -0.00021718999454747897 0.00024568001024343063 0.00007186981276616732
vn -0.0000733100012429431 0.00014406000049322845 0.000005501125460677532
f 376//829 42//828 41//830
vn -0.0001611945457252555 0.0007792443386577914 -0.0004023093728470151
vn -0.00003806999973336234 0.000173320001668185 -0.0000846680692236972
f 376//831 41//830 19//832
vn -0.00011489454311010173 0.0007100343249174309 -0.0004210801499548533
vn -0.00008788453720635488 0.000635184338164563 -0.0004078104914864825
f 376//833 19//832 18//834
vn -0.00007209453798969029 0.0007567243188548935 -0.0004116981811009619
f 376//833 18//835 375//818
vn -0.00006846202348089553 -0.000711692137283204 -0.0003172210079379975
vn 0.000004269999799398947 -0.00022601999471306812 -0.0000413236042031295
vn -0.00011002202354338728 -0.0006518021012387857 -0.00033035934992530424
f 368//836 48//837 47//838
v -38.82502470665866 -13.877250431043198 -1.6200508105324132
vn -0.00009955202255599909 -0.0005585321258413476 -0.00028790178046894405
f 368//836 47//838 377//839
vn -0.0001904220233701613 -0.0006668321339699309 -0.00025967001760870197
vn -0.00006818000009201468 -0.0001342299927280472 -0.000001121686392818719
f 377//840 47//838 49//841
vn -0.00018703000108480453 -0.0002225199972183258 0.000032430321397133956
vn -0.00009087000081416219 -0.00010830000085262582 0.000028231766498220832
f 377//842 49//841 50//843
vn -0.0002730500086966901 -0.0002496899941516669 0.000027773403003230244
vn -0.00011885000099278986 -0.0000882899972143211 0.00003355200847207369
f 377//844 50//843 51//845
vn -0.00024622998531937626 -0.00017682999632854022 0.0000397777870132638
vn -0.00015535999905712906 -0.00006852999547591441 0.000011546020515042965
f 377//846 51//845 46//847
vn -0.0009147373939530941 -0.00014398636780327013 -0.0004195287120878145
vn -0.00019427000080857426 -0.000037289998898850776 -0.00005591160796388454
f 377//848 46//847 45//849
vn -0.0007958874220641341 -0.00005569636695097027 -0.0004530807423877607
f 377//850 45//849 44//822
vn -0.0006794273984890074 -0.000013636365817166538 -0.0004267428821624388
f 377//850 44//822 376//851
vn 0.00006402999765753751 -0.0002566699948099257 0.000025346678362184348
vn 0.000009929999430193575 -0.000017919999396689248 0.0000026310394395232393
vn 0.0000492899991444871 -0.00012392000459812577 0.000024212729479858034
f 368//852 15//853 17//854
vn 0.000054100000046333306 -0.00023874999541323642 0.000022715639377408455
f 368//852 17//854 52//855
vn -0.00001917202251741905 -0.0008356121127774998 -0.00029300828027712885
f 368//856 52//855 48//837
vn 1.1381420602821356e-10 -5.639270077918422e-10 0.0027268169972774836
vn 1.1381420620193305e-10 -5.639270077918422e-10 0.0013082896862806428
vn -9.129782911397969e-11 -6.096463243315427e-10 0.000551822528867833
f 377//857 369//858 368//859
vn 8.720573068348032e-19 -3.0409088263097356e-18 0.0014535872980417715
vn 5.648909646244603e-19 -6.154592665785331e-20 0.00047946554709090973
vn 2.3186730722882447e-18 -4.559230457684493e-18 0.0016739886237459093
f 375//860 374//861 372//862
vn 4.5032972010281374e-18 -3.554238288452004e-18 0.00299871335925589
f 375//860 372//862 376//863
vn 3.862798351746815e-18 -1.6380493024152497e-18 0.0008880150721331676
f 376//863 372//862 373//864
vn 2.2424633213821317e-18 -1.1972774858867373e-19 0.002086140882802891
f 376//863 373//864 370//865
f 376//863 370//865 377//857
vn 2.0511203528138376e-10 4.5719347764722534e-11 0.0010384179031339602
f 377//857 370//865 371//866
f 377//857 371//866 369//858
v -38.85448653707406 -13.88918298645149 -1.6200508105324132
f 32//740 378//740 5//740
v -38.89676220363466 -13.892841653603734 -1.6200508105324132
vn -0.00003658666482857746 0.0004227566469795012 0.0003093451331839691
vn -0.00003658666482857748 0.0009349466278598216 0.0004967384082751214
f 378//867 379//868 5//868
vn -2.294905388802068e-20 0.0005121899808803205 0.00018739324598732225
f 5//868 379//868 6//869
vn 0.0010000000325962896 0 0.0008943333390081924
f 379//870 25//870 6//870
vn -0.00089024000173077 0 0.0003980856504110894
f 26//871 379//871 34//871
vn 0.00003658666482857739 -0.0004227566469795012 0.00029298479348630025
vn 0.00003658666482857737 -0.0008007966561124227 0.000431297049484446
f 379//872 378//873 34//873
vn -1.693836259490662e-20 -0.00037803998002909156 0.0001383122268943157
f 34//873 378//873 32//874
vn -1.5827568141914928e-19 -0.00013415000085122884 0.0012924190185231118
f 26//875 25//875 379//875
usemtl mtl4
v 39.263043198937964 -23.039052206034103 -1.6000508001016005
v 39.25383444028607 -23.273433717277594 0
v 39.25383444028607 -23.273433717277594 -1.6000508001016005
vn 0.23438124478635436 -0.00920886462916267 0
f 380//876 381//876 382//876
v 39.263043198937964 -23.039052206034103 0
f 381//876 380//876 383//876
v 39.22626397498889 -23.506370352584458 0
v 39.22626397498889 -23.506370352584458 -1.6000508001016005
vn 0.23293622350947096 -0.027569817321870364 0
f 382//877 384//877 385//877
f 384//877 382//877 381//877
v 39.18050233561405 -23.736424987498417 0
v 39.18050233561405 -23.736424987498417 -1.6000508001016005
vn 0.23005504671135077 -0.04576079458460035 0
f 385//878 386//878 387//878
f 386//878 385//878 384//878
v 39.116834776638306 -23.962180651412087 0
v 39.116834776638306 -23.962180651412087 -1.6000508001016005
vn 0.2257555185734151 -0.06366964218608615 0
f 387//879 388//879 389//879
f 388//879 387//879 386//879
v 39.035648872079 -24.182245178455204 0
v 39.035648872079 -24.182245178455204 -1.6000508001016005
vn 0.2200641152457232 -0.08118594089437325 0
f 389//880 390//880 391//880
f 390//880 389//880 388//880
v 38.93744691786259 -24.395260509271022 0
v 38.93744691786259 -24.395260509271022 -1.6000508001016005
vn 0.21301596062359607 -0.09820170592680359 0
f 391//881 392//881 393//881
f 392//881 391//881 390//881
v 38.822833529456126 -24.599915093384876 0
v 38.822833529456126 -24.599915093384876 -1.6000508001016005
vn 0.20465448722035143 -0.11461201978571561 0
f 393//882 394//882 395//882
f 394//882 393//882 392//882
v 38.69251874245936 -24.794946989796326 0
v 38.69251874245936 -24.794946989796326 -1.6000508001016005
vn 0.19503125449198289 -0.13031571959674074 0
f 395//883 396//883 397//883
f 396//883 395//883 394//883
v 38.547302509644084 -24.97915161845949 0
v 38.547302509644084 -24.97915161845949 -1.6000508001016005
vn 0.18420558548651889 -0.14521596635814124 0
f 397//884 398//884 399//884
f 398//884 397//884 396//884
v 38.38808090213837 -25.15139571294768 0
v 38.38808090213837 -25.15139571294768 -1.6000508001016005
vn 0.17224422771675746 -0.15922091713949665 0
f 399//885 400//885 401//885
f 400//885 399//885 398//885
v 38.215836807650184 -25.310617320453392 0
v 38.215836807650184 -25.310617320453392 -1.6000508001016005
vn 0.15922091713949665 -0.17224422771675746 0
f 401//886 402//886 403//886
f 402//886 401//886 400//886
v 38.03163062869095 -25.455833553268672 0
v 38.03163062869095 -25.455833553268672 -1.6000508001016005
vn 0.14521596635814124 -0.18420558548651889 0
f 403//887 404//887 405//887
f 404//887 403//887 402//887
v 37.83660028257557 -25.586148340265435 0
v 37.83660028257557 -25.586148340265435 -1.6000508001016005
vn 0.13031571959674074 -0.19503125449198289 0
f 405//888 406//888 407//888
f 406//888 405//888 404//888
v 37.63194569846171 -25.70076017837583 0
v 37.63194569846171 -25.70076017837583 -1.6000508001016005
vn 0.11461201978571561 -0.20465448722035143 0
f 407//889 408//889 409//889
f 408//889 407//889 406//889
v 37.41892881734983 -25.798962132592237 0
v 37.41892881734983 -25.798962132592237 -1.6000508001016005
vn 0.09820170592680359 -0.21301596062359607 0
f 409//890 410//890 411//890
f 410//890 409//890 408//890
v 37.19886739089885 -25.880148037151546 0
v 37.19886739089885 -25.880148037151546 -1.6000508001016005
vn 0.08118594089437325 -0.2200641152457232 0
f 411//891 412//891 413//891
f 412//891 411//891 410//891
v 36.97311017668911 -25.94381869671943 0
v 36.97311017668911 -25.94381869671943 -1.6000508001016005
vn 0.06366964218608615 -0.2257555185734151 0
f 413//892 414//892 415//892
f 414//892 413//892 412//892
v 36.74305554177515 -25.9895787857982 0
v 36.74305554177515 -25.9895787857982 -1.6000508001016005
vn 0.04576079458460035 -0.23005504671135077 0
f 415//893 416//893 417//893
f 416//893 415//893 414//893
v 36.510120456764355 -26.01714925109538 0
v 36.510120456764355 -26.01714925109538 -1.6000508001016005
vn 0.027569817321870364 -0.23293622350947096 0
f 417//894 418//894 419//894
f 418//894 417//894 416//894
v 36.275737395224795 -26.026358009747273 0
v 36.275737395224795 -26.026358009747273 -1.6000508001016005
vn 0.00920886462916267 -0.23438124478635436 0
f 419//895 420//895 421//895
f 420//895 419//895 418//895
v -43.124421429506924 -26.026358009747273 0
v -43.124421429506924 -26.026358009747273 -1.6000508001016005
vn 9.13445321724772e-16 -79.40016192532386 0
f 421//896 422//896 423//896
f 422//896 421//896 420//896
v -43.358804491046484 -26.01714925109538 0
v -43.358804491046484 -26.01714925109538 -1.6000508001016005
vn -0.00920886462916267 -0.23438124478635436 0
f 423//897 424//897 425//897
f 424//897 423//897 422//897
v -43.591739576057286 -25.9895787857982 0
v -43.591739576057286 -25.9895787857982 -1.6000508001016005
vn -0.027569817321870364 -0.23293622350947096 0
f 425//898 426//898 427//898
f 426//898 425//898 424//898
v -43.82179421097124 -25.94381869671943 0
v -43.82179421097124 -25.94381869671943 -1.6000508001016005
vn -0.04576079458460035 -0.23005504671135077 0
f 427//899 428//899 429//899
f 428//899 427//899 426//899
v -44.047551425180984 -25.880148037151546 0
v -44.047551425180984 -25.880148037151546 -1.6000508001016005
vn -0.06366964218608615 -0.2257555185734151 0
f 429//900 430//900 431//900
f 430//900 429//900 428//900
v -44.26761285163196 -25.798962132592237 0
v -44.26761285163196 -25.798962132592237 -1.6000508001016005
vn -0.08118594089437325 -0.2200641152457232 0
f 431//901 432//901 433//901
f 432//901 431//901 430//901
v -44.48062973274384 -25.70076017837583 0
v -44.48062973274384 -25.70076017837583 -1.6000508001016005
vn -0.09820170592680359 -0.21301596062359607 0
f 433//902 434//902 435//902
f 434//902 433//902 432//902
v -44.685284316857704 -25.586148340265435 0
v -44.685284316857704 -25.586148340265435 -1.6000508001016005
vn -0.11461201978571561 -0.20465448722035143 0
f 435//903 436//903 437//903
f 436//903 435//903 434//903
v -44.880314662973085 -25.455833553268672 0
v -44.880314662973085 -25.455833553268672 -1.6000508001016005
vn -0.13031571959674074 -0.19503125449198289 0
f 437//904 438//904 439//904
f 438//904 437//904 436//904
v -45.064520841932314 -25.310617320453392 0
v -45.064520841932314 -25.310617320453392 -1.6000508001016005
vn -0.14521596635814124 -0.18420558548651889 0
f 439//905 440//905 441//905
f 440//905 439//905 438//905
v -45.236764936420506 -25.15139571294768 0
v -45.236764936420506 -25.15139571294768 -1.6000508001016005
vn -0.15922091713949665 -0.17224422771675746 0
f 441//906 442//906 443//906
f 442//906 441//906 440//906
v -45.39598654392622 -24.97915161845949 0
v -45.39598654392622 -24.97915161845949 -1.6000508001016005
vn -0.17224422771675746 -0.15922091713949665 0
f 443//907 444//907 445//907
f 444//907 443//907 442//907
v -45.5412027767415 -24.794946989796326 0
v -45.5412027767415 -24.794946989796326 -1.6000508001016005
vn -0.18420558548651889 -0.14521596635814124 0
f 445//908 446//908 447//908
f 446//908 445//908 444//908
v -45.671517563738256 -24.599915093384876 0
v -45.671517563738256 -24.599915093384876 -1.6000508001016005
vn -0.19503125449198289 -0.13031571959674074 0
f 447//909 448//909 449//909
f 448//909 447//909 446//909
v -45.786130952144724 -24.395260509271022 0
v -45.786130952144724 -24.395260509271022 -1.6000508001016005
vn -0.20465448722035143 -0.11461201978571561 0
f 449//910 450//910 451//910
f 450//910 449//910 448//910
v -45.88433290636113 -24.182245178455204 0
v -45.88433290636113 -24.182245178455204 -1.6000508001016005
vn -0.21301596062359607 -0.09820170592680359 0
f 451//911 452//911 453//911
f 452//911 451//911 450//911
v -45.96551881092044 -23.962180651412087 0
v -45.96551881092044 -23.962180651412087 -1.6000508001016005
vn -0.2200641152457232 -0.08118594089437325 0
f 453//912 454//912 455//912
f 454//912 453//912 452//912
v -46.02918636989618 -23.736424987498417 0
v -46.02918636989618 -23.736424987498417 -1.6000508001016005
vn -0.2257555185734151 -0.06366964218608615 0
f 455//913 456//913 457//913
f 456//913 455//913 454//913
v -46.074948009271026 -23.506370352584458 0
v -46.074948009271026 -23.506370352584458 -1.6000508001016005
vn -0.23005504671135077 -0.04576079458460035 0
f 457//914 458//914 459//914
f 458//914 457//914 456//914
v -46.10251847456821 -23.273433717277594 0
v -46.10251847456821 -23.273433717277594 -1.6000508001016005
vn -0.23293622350947096 -0.027569817321870364 0
f 459//915 460//915 461//915
f 460//915 459//915 458//915
v -46.111727233220094 -23.039052206034103 0
v -46.111727233220094 -23.039052206034103 -1.6000508001016005
vn -0.23438124478635436 -0.00920886462916267 0
f 461//916 462//916 463//916
f 462//916 461//916 460//916
v -46.111727233220094 25.46356643006255 0
v -46.111727233220094 25.46356643006255 -1.6000508001016005
vn -48.502618636096656 2.969928752853031e-15 0
f 463//917 464//917 465//917
f 464//917 463//917 462//917
v -46.10251847456821 25.697947941306044 0
v -46.10251847456821 25.697947941306044 -1.6000508001016005
vn -0.23438124478635436 0.00920886462916267 0
f 465//918 466//918 467//918
f 466//918 465//918 464//918
v -46.074948009271026 25.930883026316838 0
v -46.074948009271026 25.930883026316838 -1.6000508001016005
vn -0.23293622350947096 0.027569817321870364 0
f 467//919 468//919 469//919
f 468//919 467//919 466//919
v -46.02918636989618 26.160939211526863 0
v -46.02918636989618 26.160939211526863 -1.6000508001016005
vn -0.23005504671135077 0.04576079458460035 0
f 469//920 470//920 471//920
f 470//920 469//920 468//920
v -45.96551881092044 26.386693325144467 0
v -45.96551881092044 26.386693325144467 -1.6000508001016005
vn -0.2257555185734151 0.06366964218608615 0
f 471//921 472//921 473//921
f 472//921 471//921 470//921
v -45.88433290636113 26.606757852187584 0
v -45.88433290636113 26.606757852187584 -1.6000508001016005
vn -0.2200641152457232 0.08118594089437325 0
f 473//922 474//922 475//922
f 474//922 473//922 472//922
v -45.786130952144724 26.81977473329947 0
v -45.786130952144724 26.81977473329947 -1.6000508001016005
vn -0.21301596062359607 0.09820170592680359 0
f 475//923 476//923 477//923
f 476//923 475//923 474//923
v -45.671517563738256 27.024429317413325 0
v -45.671517563738256 27.024429317413325 -1.6000508001016005
vn -0.20465448722035143 0.11461201978571561 0
f 477//924 478//924 479//924
f 478//924 477//924 476//924
v -45.5412027767415 27.219459663528706 0
v -45.5412027767415 27.219459663528706 -1.6000508001016005
vn -0.19503125449198289 0.13031571959674074 0
f 479//925 480//925 481//925
f 480//925 479//925 478//925
v -45.39598654392622 27.40366584248794 0
v -45.39598654392622 27.40366584248794 -1.6000508001016005
vn -0.18420558548651889 0.14521596635814124 0
f 481//926 482//926 483//926
f 482//926 481//926 480//926
v -45.236764936420506 27.575909936976128 0
v -45.236764936420506 27.575909936976128 -1.6000508001016005
vn -0.17224422771675746 0.15922091713949665 0
f 483//927 484//927 485//927
f 484//927 483//927 482//927
v -45.064520841932314 27.735131544481842 0
v -45.064520841932314 27.735131544481842 -1.6000508001016005
vn -0.15922091713949665 0.17224422771675746 0
f 485//928 486//928 487//928
f 486//928 485//928 484//928
v -44.880314662973085 27.88034777729712 0
v -44.880314662973085 27.88034777729712 -1.6000508001016005
vn -0.14521596635814124 0.18420558548651889 0
f 487//929 488//929 489//929
f 488//929 487//929 486//929
v -44.685284316857704 28.01066256429388 0
v -44.685284316857704 28.01066256429388 -1.6000508001016005
vn -0.13031571959674074 0.19503125449198289 0
f 489//930 490//930 491//930
f 490//930 489//930 488//930
v -44.48062973274384 28.125275952700346 0
v -44.48062973274384 28.125275952700346 -1.6000508001016005
vn -0.11461201978571561 0.20465448722035143 0
f 491//931 492//931 493//931
f 492//931 491//931 490//931
v -44.26761285163196 28.223474806324617 0
v -44.26761285163196 28.223474806324617 -1.6000508001016005
vn -0.09820170592680359 0.21301596062359607 0
f 493//932 494//932 495//932
f 494//932 493//932 492//932
v -44.047551425180984 28.304660710883926 0
v -44.047551425180984 28.304660710883926 -1.6000508001016005
vn -0.08118594089437325 0.2200641152457232 0
f 495//933 496//933 497//933
f 496//933 495//933 494//933
v -43.82179421097124 28.368331370451806 0
v -43.82179421097124 28.368331370451806 -1.6000508001016005
vn -0.06366964218608615 0.2257555185734151 0
f 497//934 498//934 499//934
f 498//934 497//934 496//934
v -43.591739576057286 28.414093009826647 0
v -43.591739576057286 28.414093009826647 -1.6000508001016005
vn -0.04576079458460035 0.23005504671135077 0
f 499//935 500//935 501//935
f 500//935 499//935 498//935
v -43.358804491046484 28.44166347512383 0
v -43.358804491046484 28.44166347512383 -1.6000508001016005
vn -0.027569817321870364 0.23293622350947096 0
f 501//936 502//936 503//936
f 502//936 501//936 500//936
v -43.124421429506924 28.450872233775723 0
v -43.124421429506924 28.450872233775723 -1.6000508001016005
vn -0.00920886462916267 0.23438124478635436 0
f 503//937 504//937 505//937
f 504//937 503//937 502//937
v 36.275737395224795 28.450872233775723 0
v 36.275737395224795 28.450872233775723 -1.6000508001016005
vn -9.13445321724772e-16 79.40016192532386 0
f 505//938 506//938 507//938
f 506//938 505//938 504//938
v 36.510120456764355 28.44166347512383 0
v 36.510120456764355 28.44166347512383 -1.6000508001016005
vn 0.00920886462916267 0.23438124478635436 0
f 507//939 508//939 509//939
f 508//939 507//939 506//939
v 36.74305554177515 28.414093009826647 0
v 36.74305554177515 28.414093009826647 -1.6000508001016005
vn 0.027569817321870364 0.23293622350947096 0
f 509//940 510//940 511//940
f 510//940 509//940 508//940
v 36.97311017668911 28.368331370451806 0
v 36.97311017668911 28.368331370451806 -1.6000508001016005
vn 0.04576079458460035 0.23005504671135077 0
f 511//941 512//941 513//941
f 512//941 511//941 510//941
v 37.19886739089885 28.304660710883926 0
v 37.19886739089885 28.304660710883926 -1.6000508001016005
vn 0.06366964218608615 0.2257555185734151 0
f 513//942 514//942 515//942
f 514//942 513//942 512//942
v 37.41892881734983 28.223474806324617 0
v 37.41892881734983 28.223474806324617 -1.6000508001016005
vn 0.08118594089437325 0.2200641152457232 0
f 515//943 516//943 517//943
f 516//943 515//943 514//943
v 37.63194569846171 28.125275952700346 0
v 37.63194569846171 28.125275952700346 -1.6000508001016005
vn 0.09820170592680359 0.21301596062359607 0
f 517//944 518//944 519//944
f 518//944 517//944 516//944
v 37.83660028257557 28.01066256429388 0
v 37.83660028257557 28.01066256429388 -1.6000508001016005
vn 0.11461201978571561 0.20465448722035143 0
f 519//945 520//945 521//945
f 520//945 519//945 518//945
v 38.03163062869095 27.88034777729712 0
v 38.03163062869095 27.88034777729712 -1.6000508001016005
vn 0.13031571959674074 0.19503125449198289 0
f 521//946 522//946 523//946
f 522//946 521//946 520//946
v 38.215836807650184 27.735131544481842 0
v 38.215836807650184 27.735131544481842 -1.6000508001016005
vn 0.14521596635814124 0.18420558548651889 0
f 523//947 524//947 525//947
f 524//947 523//947 522//947
v 38.38808090213837 27.575909936976128 0
v 38.38808090213837 27.575909936976128 -1.6000508001016005
vn 0.15922091713949665 0.17224422771675746 0
f 525//948 526//948 527//948
f 526//948 525//948 524//948
v 38.547302509644084 27.40366584248794 0
v 38.547302509644084 27.40366584248794 -1.6000508001016005
vn 0.17224422771675746 0.15922091713949665 0
f 527//949 528//949 529//949
f 528//949 527//949 526//949
v 38.69251874245936 27.219459663528706 0
v 38.69251874245936 27.219459663528706 -1.6000508001016005
vn 0.18420558548651889 0.14521596635814124 0
f 529//950 530//950 531//950
f 530//950 529//950 528//950
v 38.822833529456126 27.024429317413325 0
v 38.822833529456126 27.024429317413325 -1.6000508001016005
vn 0.19503125449198289 0.13031571959674074 0
f 531//951 532//951 533//951
f 532//951 531//951 530//951
v 38.93744691786259 26.81977473329947 0
v 38.93744691786259 26.81977473329947 -1.6000508001016005
vn 0.20465448722035143 0.11461201978571561 0
f 533//952 534//952 535//952
f 534//952 533//952 532//952
v 39.035648872079 26.606757852187584 0
v 39.035648872079 26.606757852187584 -1.6000508001016005
vn 0.21301596062359607 0.09820170592680359 0
f 535//953 536//953 537//953
f 536//953 535//953 534//953
v 39.116834776638306 26.386693325144467 0
v 39.116834776638306 26.386693325144467 -1.6000508001016005
vn 0.2200641152457232 0.08118594089437325 0
f 537//954 538//954 539//954
f 538//954 537//954 536//954
v 39.18050233561405 26.160939211526863 0
v 39.18050233561405 26.160939211526863 -1.6000508001016005
vn 0.2257555185734151 0.06366964218608615 0
f 539//955 540//955 541//955
f 540//955 539//955 538//955
v 39.22626397498889 25.930883026316838 0
v 39.22626397498889 25.930883026316838 -1.6000508001016005
vn 0.23005504671135077 0.04576079458460035 0
f 541//956 542//956 543//956
f 542//956 541//956 540//956
v 39.25383444028607 25.697947941306044 0
v 39.25383444028607 25.697947941306044 -1.6000508001016005
vn 0.23293622350947096 0.027569817321870364 0
f 543//957 544//957 545//957
f 544//957 543//957 542//957
v 39.263043198937964 25.46356643006255 0
v 39.263043198937964 25.46356643006255 -1.6000508001016005
vn 0.23438124478635436 0.00920886462916267 0
f 545//958 546//958 547//958
f 546//958 545//958 544//958
vn 48.502618636096656 2.8053739818934387e-15 0
f 547//959 383//959 380//959
f 383//959 547//959 546//959
v -33.17657152892431 -6.577145026848648 -1.6000508001016005
v -33.16737517264097 -6.629303187805595 0
v -33.16737517264097 -6.629303187805595 -1.6000508001016005
vn 0.05215785210890186 0.009196836965956724 0
f 548//960 549//960 550//960
v -33.17657152892431 -6.577145026848648 0
f 549//960 548//960 551//960
v -33.140893015184474 -6.675169472165117 0
v -33.140893015184474 -6.675169472165117 -1.6000508001016005
vn 0.04586684755301579 0.026481236968211246 0
f 550//961 552//961 553//961
f 552//961 550//961 549//961
v -33.10032176704979 -6.709213198699835 0
v -33.10032176704979 -6.709213198699835 -1.6000508001016005
vn 0.034043620557448334 0.04057160845740301 0
f 553//962 554//962 555//962
f 554//962 553//962 552//962
v -33.05055416263177 -6.727327633122064 0
v -33.05055416263177 -6.727327633122064 -1.6000508001016005
vn 0.01811423306541453 0.049768446180340244 0
f 555//963 556//963 557//963
f 556//963 555//963 554//963
v -32.997589847718764 -6.727327633122064 0
v -32.997589847718764 -6.727327633122064 -1.6000508001016005
vn 3.2430162816623412e-18 0.05296247393642249 0
f 557//964 558//964 559//964
f 558//964 557//964 556//964
v -32.94782224330074 -6.709213198699835 0
v -32.94782224330074 -6.709213198699835 -1.6000508001016005
vn -0.01811423306541453 0.049768446180340244 0
f 559//965 560//965 561//965
f 560//965 559//965 558//965
v -32.90725099516606 -6.675169472165117 0
v -32.90725099516606 -6.675169472165117 -1.6000508001016005
vn -0.034043620557448334 0.04057160845740301 0
f 561//966 562//966 563//966
f 562//966 561//966 560//966
v -32.88076883770955 -6.629303187805595 0
v -32.88076883770955 -6.629303187805595 -1.6000508001016005
vn -0.04586684755301579 0.026481236968211246 0
f 563//967 564//967 565//967
f 564//967 563//967 562//967
v -32.87157248142622 -6.577145026848648 0
v -32.87157248142622 -6.577145026848648 -1.6000508001016005
vn -0.05215785210890186 0.009196836965956724 0
f 565//968 566//968 567//968
f 566//968 565//968 564//968
v -32.88076883770955 -6.524986865891702 0
v -32.88076883770955 -6.524986865891702 -1.6000508001016005
vn -0.05215785210890186 -0.009196836965956724 0
f 567//969 568//969 569//969
f 568//969 567//969 566//969
v -32.90725099516606 -6.479120193958162 0
v -32.90725099516606 -6.479120193958162 -1.6000508001016005
vn -0.04586684755301579 -0.026481236968211246 0
f 569//970 570//970 571//970
f 570//970 569//970 568//970
v -32.94782224330074 -6.445076854997461 0
v -32.94782224330074 -6.445076854997461 -1.6000508001016005
vn -0.034043620557448334 -0.04057160845740301 0
f 571//971 572//971 573//971
f 572//971 571//971 570//971
v -32.997589847718764 -6.426962420575233 0
v -32.997589847718764 -6.426962420575233 -1.6000508001016005
vn -0.01811423306541453 -0.049768446180340244 0
f 573//972 574//972 575//972
f 574//972 573//972 572//972
v -33.05055416263177 -6.426962420575233 0
v -33.05055416263177 -6.426962420575233 -1.6000508001016005
vn -3.2430162816623412e-18 -0.05296247393642249 0
f 575//973 576//973 577//973
f 576//973 575//973 574//973
v -33.10032176704979 -6.445076854997461 0
v -33.10032176704979 -6.445076854997461 -1.6000508001016005
vn 0.01811423306541453 -0.049768446180340244 0
f 577//974 578//974 579//974
f 578//974 577//974 576//974
v -33.140893015184474 -6.479120193958162 0
v -33.140893015184474 -6.479120193958162 -1.6000508001016005
vn 0.034043620557448334 -0.04057160845740301 0
f 579//975 580//975 581//975
f 580//975 579//975 578//975
v -33.16737517264097 -6.524986865891702 0
v -33.16737517264097 -6.524986865891702 -1.6000508001016005
vn 0.04586684755301579 -0.026481236968211246 0
f 581//976 582//976 583//976
f 582//976 581//976 580//976
vn 0.05215785210890186 -0.009196836965956724 0
f 583//977 551//977 548//977
f 551//977 583//977 582//977
v -33.16719223770479 3.2645061048178743 -1.6000508001016005
v -33.15799278082932 3.2123481376479357 0
v -33.15799278082932 3.2123481376479357 -1.6000508001016005
f 584//960 585//960 586//960
v -33.16719223770479 3.2645061048178743 0
f 585//960 584//960 587//960
v -33.13151372396495 3.166481271927388 0
v -33.13151372396495 3.166481271927388 -1.6000508001016005
f 586//961 588//961 589//961
f 588//961 586//961 585//961
v -33.09094247583027 3.132437739179678 0
v -33.09094247583027 3.132437739179678 -1.6000508001016005
f 589//962 590//962 591//962
f 590//962 589//962 588//962
v -33.04117177082011 3.1143234985444583 0
v -33.04117177082011 3.1143234985444583 -1.6000508001016005
f 591//963 592//963 593//963
f 592//963 591//963 590//963
v -32.98821055649924 3.1143234985444583 0
v -32.98821055649924 3.1143234985444583 -1.6000508001016005
f 593//964 594//964 595//964
f 594//964 593//964 592//964
v -32.93844295208122 3.132437739179678 0
v -32.93844295208122 3.132437739179678 -1.6000508001016005
f 595//965 596//965 597//965
f 596//965 595//965 594//965
v -32.8978686033544 3.166481271927388 0
v -32.8978686033544 3.166481271927388 -1.6000508001016005
f 597//966 598//966 599//966
f 598//966 597//966 596//966
v -32.871389546490036 3.2123481376479357 0
v -32.871389546490036 3.2123481376479357 -1.6000508001016005
f 599//967 600//967 601//967
f 600//967 599//967 598//967
v -32.862193190206696 3.2645061048178743 0
v -32.862193190206696 3.2645061048178743 -1.6000508001016005
f 601//968 602//968 603//968
f 602//968 601//968 600//968
v -32.871389546490036 3.3166638782008038 0
v -32.871389546490036 3.3166638782008038 -1.6000508001016005
f 603//969 604//969 605//969
f 604//969 603//969 602//969
v -32.8978686033544 3.362530550134343 0
v -32.8978686033544 3.362530550134343 -1.6000508001016005
f 605//970 606//970 607//970
f 606//970 605//970 604//970
v -32.93844295208122 3.3965742766690616 0
v -32.93844295208122 3.3965742766690616 -1.6000508001016005
f 607//971 608//971 609//971
f 608//971 607//971 606//971
v -32.98821055649924 3.41468871109129 0
v -32.98821055649924 3.41468871109129 -1.6000508001016005
f 609//972 610//972 611//972
f 610//972 609//972 608//972
v -33.04117177082011 3.41468871109129 0
v -33.04117177082011 3.41468871109129 -1.6000508001016005
f 611//973 612//973 613//973
f 612//973 611//973 610//973
v -33.09094247583027 3.3965742766690616 0
v -33.09094247583027 3.3965742766690616 -1.6000508001016005
f 613//974 614//974 615//974
f 614//974 613//974 612//974
v -33.13151372396495 3.362530550134343 0
v -33.13151372396495 3.362530550134343 -1.6000508001016005
f 615//975 616//975 617//975
f 616//975 615//975 614//975
v -33.15799278082932 3.3166638782008038 0
v -33.15799278082932 3.3166638782008038 -1.6000508001016005
f 617//976 618//976 619//976
f 618//976 617//976 616//976
f 619//977 587//977 584//977
f 587//977 619//977 618//977
usemtl mtl5
vn 0 0 1.6000508001016005
f 462//978 587//978 618//978
vn 0 0 -1.6000508001016005
f 619//979 584//979 463//979
f 585//978 587//978 462//978
f 463//979 584//979 586//979
f 462//978 551//978 582//978
f 583//979 548//979 463//979
f 549//978 551//978 462//978
f 463//979 548//979 550//979
f 462//978 460//978 458//978
f 459//979 461//979 463//979
f 458//978 456//978 454//978
f 455//979 457//979 459//979
f 454//978 452//978 450//978
f 451//979 453//979 455//979
f 450//978 448//978 446//978
f 447//979 449//979 451//979
f 446//978 444//978 442//978
f 443//979 445//979 447//979
f 442//978 440//978 438//978
f 439//979 441//979 443//979
f 438//978 436//978 434//978
f 435//979 437//979 439//979
f 434//978 432//978 430//978
f 431//979 433//979 435//979
f 430//978 428//978 426//978
f 427//979 429//979 431//979
f 426//978 424//978 422//978
f 423//979 425//979 427//979
f 422//978 420//978 418//978
f 419//979 421//979 423//979
f 418//978 416//978 414//978
f 415//979 417//979 419//979
f 414//978 412//978 410//978
f 411//979 413//979 415//979
f 410//978 408//978 406//978
f 407//979 409//979 411//979
f 406//978 404//978 402//978
f 403//979 405//979 407//979
f 402//978 400//978 398//978
f 399//979 401//979 403//979
f 398//978 396//978 394//978
f 395//979 397//979 399//979
f 394//978 392//978 390//978
f 391//979 393//979 395//979
f 390//978 388//978 386//978
f 387//979 389//979 391//979
f 386//978 384//978 381//978
f 382//979 385//979 387//979
f 381//978 383//978 546//978
f 547//979 380//979 382//979
f 546//978 544//978 542//978
f 543//979 545//979 547//979
f 542//978 540//978 538//978
f 539//979 541//979 543//979
f 538//978 536//978 534//978
f 535//979 537//979 539//979
f 534//978 532//978 530//978
f 531//979 533//979 535//979
f 530//978 528//978 526//978
f 527//979 529//979 531//979
f 526//978 524//978 522//978
f 523//979 525//979 527//979
f 522//978 520//978 518//978
f 519//979 521//979 523//979
f 518//978 516//978 514//978
f 515//979 517//979 519//979
f 514//978 512//978 510//978
f 511//979 513//979 515//979
f 510//978 508//978 506//978
f 507//979 509//979 511//979
f 506//978 504//978 502//978
f 503//979 505//979 507//979
f 502//978 500//978 498//978
f 499//979 501//979 503//979
f 498//978 496//978 494//978
f 495//979 497//979 499//979
f 494//978 492//978 490//978
f 491//979 493//979 495//979
f 490//978 488//978 486//978
f 487//979 489//979 491//979
f 486//978 484//978 482//978
f 483//979 485//979 487//979
f 482//978 480//978 478//978
f 479//979 481//979 483//979
f 478//978 476//978 474//978
f 475//979 477//979 479//979
f 474//978 472//978 470//978
f 471//979 473//979 475//979
f 470//978 468//978 466//978
f 467//979 469//979 471//979
f 466//978 464//978 462//978
f 463//979 465//979 467//979
f 588//978 585//978 462//978
f 463//979 586//979 589//979
f 462//978 582//978 580//978
f 581//979 583//979 463//979
f 552//978 549//978 462//978
f 463//979 550//979 553//979
f 462//978 458//978 454//978
f 455//979 459//979 463//979
f 454//978 450//978 446//978
f 447//979 451//979 455//979
f 446//978 442//978 438//978
f 439//979 443//979 447//979
f 438//978 434//978 430//978
f 431//979 435//979 439//979
f 430//978 426//978 422//978
f 423//979 427//979 431//979
f 422//978 418//978 414//978
f 415//979 419//979 423//979
f 414//978 410//978 406//978
f 407//979 411//979 415//979
f 406//978 402//978 398//978
f 399//979 403//979 407//979
f 398//978 394//978 390//978
f 391//979 395//979 399//979
f 390//978 386//978 381//978
f 382//979 387//979 391//979
f 381//978 546//978 542//978
f 543//979 547//979 382//979
f 542//978 538//978 534//978
f 535//979 539//979 543//979
f 534//978 530//978 526//978
f 527//979 531//979 535//979
f 526//978 522//978 518//978
f 519//979 523//979 527//979
f 518//978 514//978 510//978
f 511//979 515//979 519//979
f 510//978 506//978 502//978
f 503//979 507//979 511//979
f 502//978 498//978 494//978
f 495//979 499//979 503//979
f 494//978 490//978 486//978
f 487//979 491//979 495//979
f 486//978 482//978 478//978
f 479//979 483//979 487//979
f 478//978 474//978 470//978
f 471//979 475//979 479//979
f 470//978 466//978 462//978
f 463//979 467//979 471//979
f 590//978 588//978 462//978
f 463//979 589//979 591//979
f 554//978 552//978 462//978
f 463//979 553//979 555//979
f 462//978 454//978 446//978
f 447//979 455//979 463//979
f 446//978 438//978 430//978
f 431//979 439//979 447//979
f 430//978 422//978 414//978
f 415//979 423//979 431//979
f 414//978 406//978 398//978
f 399//979 407//979 415//979
f 398//978 390//978 381//978
f 382//979 391//979 399//979
f 381//978 542//978 534//978
f 535//979 543//979 382//979
f 534//978 526//978 518//978
f 519//979 527//979 535//979
f 518//978 510//978 502//978
f 503//979 511//979 519//979
f 502//978 494//978 486//978
f 487//979 495//979 503//979
f 486//978 478//978 470//978
f 471//979 479//979 487//979
f 470//978 462//978 618//978
f 619//979 463//979 471//979
f 592//978 590//978 462//978
f 463//979 591//979 593//979
f 556//978 554//978 462//978
f 463//979 555//979 557//979
f 462//978 446//978 430//978
f 431//979 447//979 463//979
f 430//978 414//978 398//978
f 399//979 415//979 431//979
f 398//978 381//978 534//978
f 535//979 382//979 399//979
f 534//978 518//978 502//978
f 503//979 519//979 535//979
f 502//978 486//978 470//978
f 471//979 487//979 503//979
f 470//978 618//978 616//978
f 617//979 619//979 471//979
f 594//978 592//978 462//978
f 463//979 593//979 595//979
f 558//978 556//978 462//978
f 463//979 557//979 559//979
f 462//978 430//978 398//978
f 399//979 431//979 463//979
f 398//978 534//978 502//978
f 503//979 535//979 399//979
f 502//978 470//978 616//978
f 617//979 471//979 503//979
f 596//978 594//978 462//978
f 463//979 595//979 597//979
f 560//978 558//978 462//978
f 463//979 559//979 561//979
f 502//978 616//978 614//978
f 615//979 617//979 503//979
f 598//978 596//978 462//978
f 463//979 597//979 599//979
f 562//978 560//978 462//978
f 463//979 561//979 563//979
f 502//978 614//978 612//978
f 613//979 615//979 503//979
f 600//978 598//978 462//978
f 463//979 599//979 601//979
f 562//978 462//978 398//978
f 399//979 463//979 563//979
f 502//978 612//978 610//978
f 611//979 613//979 503//979
f 600//978 462//978 580//978
f 581//979 463//979 601//979
f 564//978 562//978 398//978
f 399//979 563//979 565//979
f 502//978 610//978 608//978
f 609//979 611//979 503//979
f 602//978 600//978 580//978
f 581//979 601//979 603//979
f 566//978 564//978 398//978
f 399//979 565//979 567//979
f 398//978 502//978 608//978
f 609//979 503//979 399//979
f 602//978 580//978 578//978
f 579//979 581//979 603//979
f 568//978 566//978 398//978
f 399//979 567//979 569//979
f 398//978 608//978 606//978
f 607//979 609//979 399//979
f 602//978 578//978 576//978
f 577//979 579//979 603//979
f 570//978 568//978 398//978
f 399//979 569//979 571//979
f 398//978 606//978 604//978
f 605//979 607//979 399//979
f 602//978 576//978 574//978
f 575//979 577//979 603//979
f 572//978 570//978 398//978
f 399//979 571//979 573//979
f 398//978 604//978 602//978
f 603//979 605//979 399//979
f 602//978 574//978 572//978
f 573//979 575//979 603//979
f 572//978 398//978 602//978
f 603//979 399//979 573//979